channel,lane,seed,frames,algorithm_id,nfft,cp,code_rate,outer_spacing,inner_spacing,check_degree,horizon,frame_blocks,payload_bits_per_frame,successful_frames,psr,payload_bits,bit_errors,ber,decode_failures,decode_seconds,effective_rate_bps,refinement_selected_frames,joint_cwz_accepted_steps,joint_cwz_rejected_steps,selection_reasons
red1,1,6,60,lite,2048,0,0.5,3,3,8,4,4,3610,38,0.6333333333333333,216600,743,0.003430286241920591,0,0.24949797026666667,1786.1979166666667,0,0,0,
red1,1,6,60,cz_refinement,2048,0,0.5,3,3,8,4,4,3610,38,0.6333333333333333,216600,743,0.003430286241920591,0,0.6017012312333332,1786.1979166666667,0,0,0,crc_fallback:22;lite_crc_valid_skip:38
red1,1,6,60,joint_cwz,2048,0,0.5,3,3,8,4,4,3610,38,0.6333333333333333,216600,743,0.003430286241920591,0,0.4544277112666667,1786.1979166666667,0,176,0,crc_fallback:22;lite_crc_valid_skip:38
red1,1,7,60,lite,2048,0,0.5,3,3,8,4,4,3610,40,0.6666666666666666,216600,34,0.00015697137580794092,0,0.2711409477000001,1880.2083333333335,0,0,0,
red1,1,7,60,cz_refinement,2048,0,0.5,3,3,8,4,4,3610,40,0.6666666666666666,216600,34,0.00015697137580794092,0,0.6292077572833334,1880.2083333333335,0,0,0,crc_fallback:20;lite_crc_valid_skip:40
red1,1,7,60,joint_cwz,2048,0,0.5,3,3,8,4,4,3610,40,0.6666666666666666,216600,34,0.00015697137580794092,0,0.45955267771666664,1880.2083333333335,0,160,0,crc_fallback:20;lite_crc_valid_skip:40
red1,1,6,60,lite,2048,0,0.5,3,4,8,4,4,4064,36,0.6,243840,2284,0.009366797900262467,0,0.29158905778333327,1905.0,0,0,0,
red1,1,6,60,cz_refinement,2048,0,0.5,3,4,8,4,4,4064,36,0.6,243840,2284,0.009366797900262467,0,0.7501561541833334,1905.0,0,0,0,crc_fallback:24;lite_crc_valid_skip:36
red1,1,6,60,joint_cwz,2048,0,0.5,3,4,8,4,4,4064,36,0.6,243840,2284,0.009366797900262467,0,0.49613568351666665,1905.0,0,192,0,crc_fallback:24;lite_crc_valid_skip:36
red1,1,7,60,lite,2048,0,0.5,3,4,8,4,4,4064,31,0.5166666666666667,243840,1743,0.007148129921259842,0,0.27227761989999993,1640.4166666666667,0,0,0,
red1,1,7,60,cz_refinement,2048,0,0.5,3,4,8,4,4,4064,31,0.5166666666666667,243840,1743,0.007148129921259842,0,0.8196945062333331,1640.4166666666667,0,0,0,crc_fallback:29;lite_crc_valid_skip:31
red1,1,7,60,joint_cwz,2048,0,0.5,3,4,8,4,4,4064,31,0.5166666666666667,243840,1743,0.007148129921259842,0,0.5376123897166667,1640.4166666666667,0,232,0,crc_fallback:29;lite_crc_valid_skip:31
red1,1,6,60,lite,512,16,0.5,3,4,10,0,10,2504,13,0.21666666666666667,150240,21323,0.1419262513312034,0,0.20074348529999997,555.494880546075,0,0,0,
red1,1,6,60,cz_refinement,512,16,0.5,3,4,10,0,10,2504,13,0.21666666666666667,150240,21323,0.1419262513312034,0,0.8862309030166666,555.494880546075,0,0,0,crc_fallback:47;lite_crc_valid_skip:13
red1,1,6,60,joint_cwz,512,16,0.5,3,4,10,0,10,2504,14,0.23333333333333334,150240,21322,0.141919595314164,0,0.5911874806166668,598.2252559726962,1,376,0,crc_fallback:46;crc_rescue:1;lite_crc_valid_skip:13
red1,1,7,60,lite,512,16,0.5,3,4,10,0,10,2504,13,0.21666666666666667,150240,21807,0.14514776357827475,0,0.20778166739999995,555.494880546075,0,0,0,
red1,1,7,60,cz_refinement,512,16,0.5,3,4,10,0,10,2504,14,0.23333333333333334,150240,21626,0.1439430244941427,0,0.8317130757500001,598.2252559726962,1,0,0,crc_fallback:46;crc_rescue:1;lite_crc_valid_skip:13
red1,1,7,60,joint_cwz,512,16,0.5,3,4,10,0,10,2504,14,0.23333333333333334,150240,21626,0.1439430244941427,0,0.58802148095,598.2252559726962,1,376,0,crc_fallback:46;crc_rescue:1;lite_crc_valid_skip:13
red1,1,6,60,lite,1024,16,0.5,5,10,10,0,5,3656,5,0.08333333333333333,219360,33617,0.15325036469730124,0,0.26515641241666665,314.6299483648881,0,0,0,
red1,1,6,60,cz_refinement,1024,16,0.5,5,10,10,0,5,3656,5,0.08333333333333333,219360,33617,0.15325036469730124,0,1.2197598295333334,314.6299483648881,0,0,0,crc_fallback:55;lite_crc_valid_skip:5
red1,1,6,60,joint_cwz,1024,16,0.5,5,10,10,0,5,3656,5,0.08333333333333333,219360,33617,0.15325036469730124,0,0.9840938152666667,314.6299483648881,0,440,0,crc_fallback:55;lite_crc_valid_skip:5
red1,1,7,60,lite,1024,16,0.5,5,10,10,0,5,3656,8,0.13333333333333333,219360,34392,0.15678336980306345,0,0.22701722013333334,503.407917383821,0,0,0,
red1,1,7,60,cz_refinement,1024,16,0.5,5,10,10,0,5,3656,8,0.13333333333333333,219360,34392,0.15678336980306345,0,1.0809580941499999,503.407917383821,0,0,0,crc_fallback:52;lite_crc_valid_skip:8
red1,1,7,60,joint_cwz,1024,16,0.5,5,10,10,0,5,3656,8,0.13333333333333333,219360,34392,0.15678336980306345,0,0.8579118905,503.407917383821,0,416,0,crc_fallback:52;lite_crc_valid_skip:8
red1,2,6,60,lite,2048,64,0.5,3,5,8,4,4,4336,35,0.5833333333333334,260160,2534,0.009740159901599016,0,0.2564483477666667,1935.7142857142856,0,0,0,
red1,2,6,60,cz_refinement,2048,64,0.5,3,5,8,4,4,4336,35,0.5833333333333334,260160,2534,0.009740159901599016,0,0.6267529068833333,1935.7142857142856,0,0,0,crc_fallback:25;lite_crc_valid_skip:35
red1,2,6,60,joint_cwz,2048,64,0.5,3,5,8,4,4,4336,35,0.5833333333333334,260160,2534,0.009740159901599016,0,0.47142415005,1935.7142857142856,0,200,0,crc_fallback:25;lite_crc_valid_skip:35
red1,2,7,60,lite,2048,64,0.5,3,5,8,4,4,4336,28,0.4666666666666667,260160,3112,0.011961869618696186,0,0.22866885138333332,1548.5714285714284,0,0,0,
red1,2,7,60,cz_refinement,2048,64,0.5,3,5,8,4,4,4336,28,0.4666666666666667,260160,3112,0.011961869618696186,0,0.6955202774333334,1548.5714285714284,0,0,0,crc_fallback:32;lite_crc_valid_skip:28
red1,2,7,60,joint_cwz,2048,64,0.5,3,5,8,4,4,4336,28,0.4666666666666667,260160,3112,0.011961869618696186,0,0.50868378475,1548.5714285714284,0,256,0,crc_fallback:32;lite_crc_valid_skip:28
red1,2,6,60,lite,2048,64,0.5,3,4,8,4,4,4064,37,0.6166666666666667,243840,2050,0.008407152230971129,0,0.22534637705,1917.9591836734692,0,0,0,
red1,2,6,60,cz_refinement,2048,64,0.5,3,4,8,4,4,4064,39,0.65,243840,2048,0.008398950131233596,0,0.6180094007999999,2021.6326530612243,2,0,0,crc_fallback:21;crc_rescue:2;lite_crc_valid_skip:37
red1,2,6,60,joint_cwz,2048,64,0.5,3,4,8,4,4,4064,39,0.65,243840,2048,0.008398950131233596,0,0.4395089320666667,2021.6326530612243,2,184,0,crc_fallback:21;crc_rescue:2;lite_crc_valid_skip:37
red1,2,7,60,lite,2048,64,0.5,3,4,8,4,4,4064,40,0.6666666666666666,243840,1109,0.004548064304461942,0,0.23663654979999998,2073.4693877551017,0,0,0,
red1,2,7,60,cz_refinement,2048,64,0.5,3,4,8,4,4,4064,41,0.6833333333333333,243840,1108,0.004543963254593176,0,0.5475985928166665,2125.3061224489793,1,0,0,crc_fallback:19;crc_rescue:1;lite_crc_valid_skip:40
red1,2,7,60,joint_cwz,2048,64,0.5,3,4,8,4,4,4064,41,0.6833333333333333,243840,1108,0.004543963254593176,0,0.44786586893333336,2125.3061224489793,1,160,0,crc_fallback:19;crc_rescue:1;lite_crc_valid_skip:40
red1,2,6,60,lite,2048,0,0.5,3,4,8,4,4,4064,37,0.6166666666666667,243840,2653,0.01088008530183727,0,0.2668344205666667,1957.9166666666667,0,0,0,
red1,2,6,60,cz_refinement,2048,0,0.5,3,4,8,4,4,4064,37,0.6166666666666667,243840,2653,0.01088008530183727,0,0.6583403118666664,1957.9166666666667,0,0,0,crc_fallback:23;lite_crc_valid_skip:37
red1,2,6,60,joint_cwz,2048,0,0.5,3,4,8,4,4,4064,37,0.6166666666666667,243840,2653,0.01088008530183727,0,0.4616827656,1957.9166666666667,0,184,0,crc_fallback:23;lite_crc_valid_skip:37
red1,2,7,60,lite,2048,0,0.5,3,4,8,4,4,4064,36,0.6,243840,1973,0.008091371391076116,0,0.2490610385833333,1905.0,0,0,0,
red1,2,7,60,cz_refinement,2048,0,0.5,3,4,8,4,4,4064,37,0.6166666666666667,243840,1972,0.00808727034120735,0,0.7134571422666665,1957.9166666666667,1,0,0,crc_fallback:23;crc_rescue:1;lite_crc_valid_skip:36
red1,2,7,60,joint_cwz,2048,0,0.5,3,4,8,4,4,4064,37,0.6166666666666667,243840,1972,0.00808727034120735,0,0.4864996535666666,1957.9166666666667,1,192,0,crc_fallback:23;crc_rescue:1;lite_crc_valid_skip:36
red1,2,6,60,lite,1024,16,0.5,5,10,10,0,5,3656,1,0.016666666666666666,219360,36280,0.16539022611232676,0,0.20231153056666665,62.92598967297762,0,0,0,
red1,2,6,60,cz_refinement,1024,16,0.5,5,10,10,0,5,3656,1,0.016666666666666666,219360,36280,0.16539022611232676,0,0.8890802717333334,62.92598967297762,0,0,0,crc_fallback:59;lite_crc_valid_skip:1
red1,2,6,60,joint_cwz,1024,16,0.5,5,10,10,0,5,3656,1,0.016666666666666666,219360,36280,0.16539022611232676,0,0.7453812635,62.92598967297762,0,472,0,crc_fallback:59;lite_crc_valid_skip:1
red1,2,7,60,lite,1024,16,0.5,5,10,10,0,5,3656,0,0.0,219360,36340,0.16566374908825673,0,0.2352261413,0.0,0,0,0,
red1,2,7,60,cz_refinement,1024,16,0.5,5,10,10,0,5,3656,0,0.0,219360,36340,0.16566374908825673,0,1.1030481391166667,0.0,0,0,0,crc_fallback:60
red1,2,7,60,joint_cwz,1024,16,0.5,5,10,10,0,5,3656,0,0.0,219360,36340,0.16566374908825673,0,0.8865470355166666,0.0,0,480,0,crc_fallback:60
red1,3,6,60,lite,2048,128,0.5,5,10,8,4,4,5859,50,0.8333333333333334,351540,1118,0.0031802924276042558,0,0.26057198779999996,3661.875,0,0,0,
red1,3,6,60,cz_refinement,2048,128,0.5,5,10,8,4,4,5859,50,0.8333333333333334,351540,1118,0.0031802924276042558,0,0.48452330145000005,3661.875,0,0,0,crc_fallback:10;lite_crc_valid_skip:50
red1,3,6,60,joint_cwz,2048,128,0.5,5,10,8,4,4,5859,50,0.8333333333333334,351540,1118,0.0031802924276042558,0,0.39829453791666664,3661.875,0,80,0,crc_fallback:10;lite_crc_valid_skip:50
red1,3,7,60,lite,2048,128,0.5,5,10,8,4,4,5859,49,0.8166666666666667,351540,1531,0.004355123172327473,0,0.27080662603333333,3588.6375,0,0,0,
red1,3,7,60,cz_refinement,2048,128,0.5,5,10,8,4,4,5859,49,0.8166666666666667,351540,1531,0.004355123172327473,0,0.52550983055,3588.6375,0,0,0,crc_fallback:11;lite_crc_valid_skip:49
red1,3,7,60,joint_cwz,2048,128,0.5,5,10,8,4,4,5859,49,0.8166666666666667,351540,1531,0.004355123172327473,0,0.44186464775,3588.6375,0,88,0,crc_fallback:11;lite_crc_valid_skip:49
red1,3,6,60,lite,512,32,0.5,5,10,10,0,10,3656,0,0.0,219360,41608,0.18967906637490883,0,0.22773274578333338,0.0,0,0,0,
red1,3,6,60,cz_refinement,512,32,0.5,5,10,10,0,10,3656,0,0.0,219360,41608,0.18967906637490883,0,1.10084776845,0.0,0,0,0,crc_fallback:60
red1,3,6,60,joint_cwz,512,32,0.5,5,10,10,0,10,3656,0,0.0,219360,41608,0.18967906637490883,0,0.8064652633333331,0.0,0,480,0,crc_fallback:60
red1,3,7,60,lite,512,32,0.5,5,10,10,0,10,3656,0,0.0,219360,41803,0.19056801604668125,0,0.19994181446666673,0.0,0,0,0,
red1,3,7,60,cz_refinement,512,32,0.5,5,10,10,0,10,3656,0,0.0,219360,41803,0.19056801604668125,0,1.0124077233166666,0.0,0,0,0,crc_fallback:60
red1,3,7,60,joint_cwz,512,32,0.5,5,10,10,0,10,3656,0,0.0,219360,41803,0.19056801604668125,0,0.8187539238333333,0.0,0,480,0,crc_fallback:60
red1,3,6,60,lite,512,32,0.5,8,8,10,0,10,3834,0,0.0,230040,72171,0.3137323943661972,0,0.18998268645,0.0,0,0,0,
red1,3,6,60,cz_refinement,512,32,0.5,8,8,10,0,10,3834,0,0.0,230040,72171,0.3137323943661972,0,0.9432488823833334,0.0,0,0,0,crc_fallback:60
red1,3,6,60,joint_cwz,512,32,0.5,8,8,10,0,10,3834,0,0.0,230040,72171,0.3137323943661972,0,0.7472578319166666,0.0,0,480,0,crc_fallback:60
red1,3,7,60,lite,512,32,0.5,8,8,10,0,10,3834,0,0.0,230040,68299,0.2969005390366893,0,0.18227634823333333,0.0,0,0,0,
red1,3,7,60,cz_refinement,512,32,0.5,8,8,10,0,10,3834,0,0.0,230040,68299,0.2969005390366893,0,0.9733502279000003,0.0,0,0,0,crc_fallback:60
red1,3,7,60,joint_cwz,512,32,0.5,8,8,10,0,10,3834,0,0.0,230040,68299,0.2969005390366893,0,0.73596477065,0.0,0,480,0,crc_fallback:60
red1,3,6,60,lite,1024,16,0.5,5,10,10,0,5,3656,44,0.7333333333333333,219360,3094,0.014104668125455872,0,0.1574245323333333,2768.7435456110156,0,0,0,
red1,3,6,60,cz_refinement,1024,16,0.5,5,10,10,0,5,3656,44,0.7333333333333333,219360,3094,0.014104668125455872,0,0.35492313340000003,2768.7435456110156,0,0,0,crc_fallback:16;lite_crc_valid_skip:44
red1,3,6,60,joint_cwz,1024,16,0.5,5,10,10,0,5,3656,44,0.7333333333333333,219360,3094,0.014104668125455872,0,0.26886817518333334,2768.7435456110156,0,128,0,crc_fallback:16;lite_crc_valid_skip:44
red1,3,7,60,lite,1024,16,0.5,5,10,10,0,5,3656,44,0.7333333333333333,219360,4497,0.02050054704595186,0,0.16970981633333332,2768.7435456110156,0,0,0,
red1,3,7,60,cz_refinement,1024,16,0.5,5,10,10,0,5,3656,44,0.7333333333333333,219360,4497,0.02050054704595186,0,0.3652171649166666,2768.7435456110156,0,0,0,crc_fallback:16;lite_crc_valid_skip:44
red1,3,7,60,joint_cwz,1024,16,0.5,5,10,10,0,5,3656,44,0.7333333333333333,219360,4497,0.02050054704595186,0,0.299853067,2768.7435456110156,0,128,0,crc_fallback:16;lite_crc_valid_skip:44
red2,1,6,60,lite,512,16,0.25,3,10,10,0,10,1496,26,0.43333333333333335,89760,416,0.004634581105169341,0,0.14943282988333328,663.7542662116041,0,0,0,
red2,1,6,60,cz_refinement,512,16,0.25,3,10,10,0,10,1496,26,0.43333333333333335,89760,416,0.004634581105169341,0,0.437847304,663.7542662116041,0,0,0,crc_fallback:34;lite_crc_valid_skip:26
red2,1,6,60,joint_cwz,512,16,0.25,3,10,10,0,10,1496,26,0.43333333333333335,89760,416,0.004634581105169341,0,0.28634200615,663.7542662116041,0,272,0,crc_fallback:34;lite_crc_valid_skip:26
red2,1,7,60,lite,512,16,0.25,3,10,10,0,10,1496,24,0.4,89760,305,0.0033979500891265597,0,0.14703650406666666,612.6962457337884,0,0,0,
red2,1,7,60,cz_refinement,512,16,0.25,3,10,10,0,10,1496,24,0.4,89760,305,0.0033979500891265597,0,0.5255453804833333,612.6962457337884,0,0,0,crc_fallback:36;lite_crc_valid_skip:24
red2,1,7,60,joint_cwz,512,16,0.25,3,10,10,0,10,1496,24,0.4,89760,305,0.0033979500891265597,0,0.36571786696666664,612.6962457337884,0,288,0,crc_fallback:36;lite_crc_valid_skip:24
red2,1,6,60,lite,2048,64,0.25,3,10,10,4,4,2432,39,0.65,145920,85,0.0005825109649122807,0,0.3016092726833333,1209.7959183673468,0,0,0,
red2,1,6,60,cz_refinement,2048,64,0.25,3,10,10,4,4,2432,39,0.65,145920,85,0.0005825109649122807,0,0.6304952227333335,1209.7959183673468,0,0,0,crc_fallback:21;lite_crc_valid_skip:39
red2,1,6,60,joint_cwz,2048,64,0.25,3,10,10,4,4,2432,40,0.6666666666666666,145920,84,0.000575657894736842,0,0.4929227725666667,1240.816326530612,1,168,0,crc_fallback:20;crc_rescue:1;lite_crc_valid_skip:39
red2,1,7,60,lite,2048,64,0.25,3,10,10,4,4,2432,41,0.6833333333333333,145920,156,0.0010690789473684211,0,0.29878265705,1271.8367346938774,0,0,0,
red2,1,7,60,cz_refinement,2048,64,0.25,3,10,10,4,4,2432,43,0.7166666666666667,145920,154,0.0010553728070175439,0,0.6690017534666666,1333.877551020408,2,0,0,crc_fallback:17;crc_rescue:2;lite_crc_valid_skip:41
red2,1,7,60,joint_cwz,2048,64,0.25,3,10,10,4,4,2432,43,0.7166666666666667,145920,154,0.0010553728070175439,0,0.4720912232666667,1333.877551020408,2,152,0,crc_fallback:17;crc_rescue:2;lite_crc_valid_skip:41
red2,1,6,60,lite,512,32,0.25,3,10,10,0,10,1496,31,0.5166666666666667,89760,229,0.002551247771836007,0,0.16845614830000002,778.1208053691275,0,0,0,
red2,1,6,60,cz_refinement,512,32,0.25,3,10,10,0,10,1496,31,0.5166666666666667,89760,229,0.002551247771836007,0,0.45600271956666677,778.1208053691275,0,0,0,crc_fallback:29;lite_crc_valid_skip:31
red2,1,6,60,joint_cwz,512,32,0.25,3,10,10,0,10,1496,32,0.5333333333333333,89760,227,0.0025289661319073085,0,0.31540462215,803.2214765100671,1,232,0,crc_fallback:28;crc_rescue:1;lite_crc_valid_skip:31
red2,1,7,60,lite,512,32,0.25,3,10,10,0,10,1496,29,0.48333333333333334,89760,246,0.0027406417112299467,0,0.18598901471666668,727.9194630872483,0,0,0,
red2,1,7,60,cz_refinement,512,32,0.25,3,10,10,0,10,1496,30,0.5,89760,245,0.002729500891265597,0,0.4800076261499999,753.0201342281879,1,0,0,crc_fallback:31;crc_rescue:1;lite_crc_valid_skip:28
red2,1,7,60,joint_cwz,512,32,0.25,3,10,10,0,10,1496,30,0.5,89760,245,0.002729500891265597,0,0.3262734908,753.0201342281879,1,256,0,crc_fallback:31;crc_rescue:1;lite_crc_valid_skip:28
red2,1,6,60,lite,1024,64,0.5,5,10,10,0,5,3656,1,0.016666666666666666,219360,47274,0.21550875273522976,0,0.22698868225000005,61.34228187919463,0,0,0,
red2,1,6,60,cz_refinement,1024,64,0.5,5,10,10,0,5,3656,1,0.016666666666666666,219360,47274,0.21550875273522976,0,1.2490003596166668,61.34228187919463,0,0,0,crc_fallback:59;lite_crc_valid_skip:1
red2,1,6,60,joint_cwz,1024,64,0.5,5,10,10,0,5,3656,1,0.016666666666666666,219360,47274,0.21550875273522976,0,0.9844041038999999,61.34228187919463,0,472,0,crc_fallback:59;lite_crc_valid_skip:1
red2,1,7,60,lite,1024,64,0.5,5,10,10,0,5,3656,1,0.016666666666666666,219360,46342,0.2112600291757841,0,0.21254608199999997,61.34228187919463,0,0,0,
red2,1,7,60,cz_refinement,1024,64,0.5,5,10,10,0,5,3656,1,0.016666666666666666,219360,46342,0.2112600291757841,0,1.1949146607666667,61.34228187919463,0,0,0,crc_fallback:59;lite_crc_valid_skip:1
red2,1,7,60,joint_cwz,1024,64,0.5,5,10,10,0,5,3656,1,0.016666666666666666,219360,46342,0.2112600291757841,0,0.9453835070000001,61.34228187919463,0,472,0,crc_fallback:59;lite_crc_valid_skip:1
red2,2,6,60,lite,512,32,0.5,3,8,10,0,10,2924,0,0.0,175440,39010,0.22235522115823073,0,0.1906401258,0.0,0,0,0,
red2,2,6,60,cz_refinement,512,32,0.5,3,8,10,0,10,2924,0,0.0,175440,39010,0.22235522115823073,0,0.9837613918333332,0.0,0,0,0,crc_fallback:60
red2,2,6,60,joint_cwz,512,32,0.5,3,8,10,0,10,2924,0,0.0,175440,39010,0.22235522115823073,0,0.7522139875333334,0.0,0,480,0,crc_fallback:60
red2,2,7,60,lite,512,32,0.5,3,8,10,0,10,2924,0,0.0,175440,38664,0.22038303693570452,0,0.17935687686666663,0.0,0,0,0,
red2,2,7,60,cz_refinement,512,32,0.5,3,8,10,0,10,2924,0,0.0,175440,38664,0.22038303693570452,0,0.9050821014333337,0.0,0,0,0,crc_fallback:60
red2,2,7,60,joint_cwz,512,32,0.5,3,8,10,0,10,2924,0,0.0,175440,38664,0.22038303693570452,0,0.6752438529999999,0.0,0,480,0,crc_fallback:60
red2,2,6,60,lite,512,32,0.5,3,5,10,0,10,2672,1,0.016666666666666666,160320,31927,0.19914545908183634,0,0.16965388815000007,44.83221476510067,0,0,0,
red2,2,6,60,cz_refinement,512,32,0.5,3,5,10,0,10,2672,1,0.016666666666666666,160320,31927,0.19914545908183634,0,0.8461881944166667,44.83221476510067,0,0,0,crc_fallback:59;lite_crc_valid_skip:1
red2,2,6,60,joint_cwz,512,32,0.5,3,5,10,0,10,2672,1,0.016666666666666666,160320,31927,0.19914545908183634,0,0.6142986514,44.83221476510067,0,472,0,crc_fallback:59;lite_crc_valid_skip:1
red2,2,7,60,lite,512,32,0.5,3,5,10,0,10,2672,2,0.03333333333333333,160320,30996,0.1933383233532934,0,0.17261041694999993,89.66442953020135,0,0,0,
red2,2,7,60,cz_refinement,512,32,0.5,3,5,10,0,10,2672,2,0.03333333333333333,160320,30996,0.1933383233532934,0,0.8309387153000001,89.66442953020135,0,0,0,crc_fallback:58;lite_crc_valid_skip:2
red2,2,7,60,joint_cwz,512,32,0.5,3,5,10,0,10,2672,2,0.03333333333333333,160320,30996,0.1933383233532934,0,0.6317003448166667,89.66442953020135,0,464,0,crc_fallback:58;lite_crc_valid_skip:2
red2,2,6,60,lite,512,32,0.5,3,10,10,0,10,3008,0,0.0,180480,37793,0.20940270390070923,0,0.1931112887333333,0.0,0,0,0,
red2,2,6,60,cz_refinement,512,32,0.5,3,10,10,0,10,3008,0,0.0,180480,37793,0.20940270390070923,0,1.0176232833999999,0.0,0,0,0,crc_fallback:60
red2,2,6,60,joint_cwz,512,32,0.5,3,10,10,0,10,3008,0,0.0,180480,37793,0.20940270390070923,0,0.779426463583333,0.0,0,480,0,crc_fallback:60
red2,2,7,60,lite,512,32,0.5,3,10,10,0,10,3008,0,0.0,180480,38263,0.21200687056737588,0,0.16901650961666667,0.0,0,0,0,
red2,2,7,60,cz_refinement,512,32,0.5,3,10,10,0,10,3008,0,0.0,180480,38263,0.21200687056737588,0,0.8755763704499998,0.0,0,0,0,crc_fallback:60
red2,2,7,60,joint_cwz,512,32,0.5,3,10,10,0,10,3008,0,0.0,180480,38263,0.21200687056737588,0,0.6805168905666664,0.0,0,480,0,crc_fallback:60
red2,2,6,60,lite,1024,64,0.5,5,10,10,0,5,3656,0,0.0,219360,39325,0.17927151714077316,0,0.19559532483333333,0.0,0,0,0,
red2,2,6,60,cz_refinement,1024,64,0.5,5,10,10,0,5,3656,0,0.0,219360,39325,0.17927151714077316,0,1.0167574052666666,0.0,0,0,0,crc_fallback:60
red2,2,6,60,joint_cwz,1024,64,0.5,5,10,10,0,5,3656,0,0.0,219360,39325,0.17927151714077316,0,0.8312852266833333,0.0,0,480,0,crc_fallback:60
red2,2,7,60,lite,1024,64,0.5,5,10,10,0,5,3656,0,0.0,219360,40531,0.1847693289569657,0,0.20998537238333334,0.0,0,0,0,
red2,2,7,60,cz_refinement,1024,64,0.5,5,10,10,0,5,3656,0,0.0,219360,40531,0.1847693289569657,0,1.085122889133333,0.0,0,0,0,crc_fallback:60
red2,2,7,60,joint_cwz,1024,64,0.5,5,10,10,0,5,3656,0,0.0,219360,40531,0.1847693289569657,0,0.8776600753166668,0.0,0,480,0,crc_fallback:60
red2,3,6,60,lite,512,32,0.5,3,8,10,0,10,2924,1,0.016666666666666666,175440,33780,0.19254445964432285,0,0.18178716595000002,49.060402684563755,0,0,0,
red2,3,6,60,cz_refinement,512,32,0.5,3,8,10,0,10,2924,1,0.016666666666666666,175440,33780,0.19254445964432285,0,0.9741853320333335,49.060402684563755,0,0,0,crc_fallback:59;lite_crc_valid_skip:1
red2,3,6,60,joint_cwz,512,32,0.5,3,8,10,0,10,2924,1,0.016666666666666666,175440,33780,0.19254445964432285,0,0.6809153131833334,49.060402684563755,0,472,0,crc_fallback:59;lite_crc_valid_skip:1
red2,3,7,60,lite,512,32,0.5,3,8,10,0,10,2924,0,0.0,175440,33751,0.19237916096671226,0,0.20079392625,0.0,0,0,0,
red2,3,7,60,cz_refinement,512,32,0.5,3,8,10,0,10,2924,1,0.016666666666666666,175440,33746,0.19235066119471045,0,0.9394884438833336,49.060402684563755,1,0,0,crc_fallback:59;crc_rescue:1
red2,3,7,60,joint_cwz,512,32,0.5,3,8,10,0,10,2924,1,0.016666666666666666,175440,33746,0.19235066119471045,0,0.7571721183500001,49.060402684563755,1,480,0,crc_fallback:59;crc_rescue:1
red2,3,6,60,lite,512,32,0.5,5,5,10,0,10,3248,1,0.016666666666666666,194880,40555,0.20810242200328408,0,0.20885959120000003,54.49664429530201,0,0,0,
red2,3,6,60,cz_refinement,512,32,0.5,5,5,10,0,10,3248,1,0.016666666666666666,194880,40555,0.20810242200328408,0,1.0116530705666669,54.49664429530201,0,0,0,crc_fallback:59;lite_crc_valid_skip:1
red2,3,6,60,joint_cwz,512,32,0.5,5,5,10,0,10,3248,1,0.016666666666666666,194880,40555,0.20810242200328408,0,0.7429174678166668,54.49664429530201,0,472,0,crc_fallback:59;lite_crc_valid_skip:1
red2,3,7,60,lite,512,32,0.5,5,5,10,0,10,3248,1,0.016666666666666666,194880,39507,0.2027247536945813,0,0.2026071904666667,54.49664429530201,0,0,0,
red2,3,7,60,cz_refinement,512,32,0.5,5,5,10,0,10,3248,1,0.016666666666666666,194880,39507,0.2027247536945813,0,0.9425762433833333,54.49664429530201,0,0,0,crc_fallback:59;lite_crc_valid_skip:1
red2,3,7,60,joint_cwz,512,32,0.5,5,5,10,0,10,3248,1,0.016666666666666666,194880,39507,0.2027247536945813,0,0.7274010161166665,54.49664429530201,0,472,0,crc_fallback:59;lite_crc_valid_skip:1
red2,3,6,60,lite,512,32,0.5,3,10,10,0,10,3008,1,0.016666666666666666,180480,31327,0.1735760195035461,0,0.13912305896666666,50.46979865771812,0,0,0,
red2,3,6,60,cz_refinement,512,32,0.5,3,10,10,0,10,3008,1,0.016666666666666666,180480,31327,0.1735760195035461,0,0.7778141560666667,50.46979865771812,0,0,0,crc_fallback:59;lite_crc_valid_skip:1
red2,3,6,60,joint_cwz,512,32,0.5,3,10,10,0,10,3008,1,0.016666666666666666,180480,31327,0.1735760195035461,0,0.5971009263833335,50.46979865771812,0,472,0,crc_fallback:59;lite_crc_valid_skip:1
red2,3,7,60,lite,512,32,0.5,3,10,10,0,10,3008,2,0.03333333333333333,180480,32894,0.1822584219858156,0,0.13545166243333331,100.93959731543625,0,0,0,
red2,3,7,60,cz_refinement,512,32,0.5,3,10,10,0,10,3008,2,0.03333333333333333,180480,32894,0.1822584219858156,0,0.71322959545,100.93959731543625,0,0,0,crc_fallback:58;lite_crc_valid_skip:2
red2,3,7,60,joint_cwz,512,32,0.5,3,10,10,0,10,3008,2,0.03333333333333333,180480,32894,0.1822584219858156,0,0.5513173793833334,100.93959731543625,0,464,0,crc_fallback:58;lite_crc_valid_skip:2
red2,3,6,60,lite,1024,64,0.5,5,10,10,0,5,3656,2,0.03333333333333333,219360,33822,0.15418490153172867,0,0.17350591179999994,122.68456375838926,0,0,0,
red2,3,6,60,cz_refinement,1024,64,0.5,5,10,10,0,5,3656,2,0.03333333333333333,219360,33822,0.15418490153172867,0,0.8455522188500002,122.68456375838926,0,0,0,crc_fallback:58;lite_crc_valid_skip:2
red2,3,6,60,joint_cwz,1024,64,0.5,5,10,10,0,5,3656,2,0.03333333333333333,219360,33822,0.15418490153172867,0,0.6792149322666666,122.68456375838926,0,464,0,crc_fallback:58;lite_crc_valid_skip:2
red2,3,7,60,lite,1024,64,0.5,5,10,10,0,5,3656,0,0.0,219360,34166,0.15575309992706055,0,0.16222101523333335,0.0,0,0,0,
red2,3,7,60,cz_refinement,1024,64,0.5,5,10,10,0,5,3656,0,0.0,219360,34166,0.15575309992706055,0,0.8504773011833335,0.0,0,0,0,crc_fallback:60
red2,3,7,60,joint_cwz,1024,64,0.5,5,10,10,0,5,3656,0,0.0,219360,34166,0.15575309992706055,0,0.67792579615,0.0,0,480,0,crc_fallback:60
red3,1,6,60,lite,512,32,0.5,3,10,8,0,10,3008,0,0.0,180480,39513,0.21893284574468086,0,0.17646794571666663,0.0,0,0,0,
red3,1,6,60,cz_refinement,512,32,0.5,3,10,8,0,10,3008,0,0.0,180480,39513,0.21893284574468086,0,0.8532122819,0.0,0,0,0,crc_fallback:60
red3,1,6,60,joint_cwz,512,32,0.5,3,10,8,0,10,3008,0,0.0,180480,39513,0.21893284574468086,0,0.6556341557,0.0,0,480,0,crc_fallback:60
red3,1,7,60,lite,512,32,0.5,3,10,8,0,10,3008,0,0.0,180480,39923,0.22120456560283688,0,0.18314213976666663,0.0,0,0,0,
red3,1,7,60,cz_refinement,512,32,0.5,3,10,8,0,10,3008,0,0.0,180480,39923,0.22120456560283688,0,0.8862076986833334,0.0,0,0,0,crc_fallback:60
red3,1,7,60,joint_cwz,512,32,0.5,3,10,8,0,10,3008,0,0.0,180480,39923,0.22120456560283688,0,0.6710636198833332,0.0,0,480,0,crc_fallback:60
red3,1,6,60,lite,512,32,0.5,3,10,10,0,10,3008,0,0.0,180480,41702,0.2310616134751773,0,0.20622172475000006,0.0,0,0,0,
red3,1,6,60,cz_refinement,512,32,0.5,3,10,10,0,10,3008,0,0.0,180480,41702,0.2310616134751773,0,1.0547708166833334,0.0,0,0,0,crc_fallback:60
red3,1,6,60,joint_cwz,512,32,0.5,3,10,10,0,10,3008,0,0.0,180480,41702,0.2310616134751773,0,0.8199901569333332,0.0,0,480,0,crc_fallback:60
red3,1,7,60,lite,512,32,0.5,3,10,10,0,10,3008,0,0.0,180480,41795,0.2315769060283688,0,0.2019497533,0.0,0,0,0,
red3,1,7,60,cz_refinement,512,32,0.5,3,10,10,0,10,3008,0,0.0,180480,41795,0.2315769060283688,0,1.0017046776,0.0,0,0,0,crc_fallback:60
red3,1,7,60,joint_cwz,512,32,0.5,3,10,10,0,10,3008,0,0.0,180480,41795,0.2315769060283688,0,0.8037116958666666,0.0,0,480,0,crc_fallback:60
red3,1,6,60,lite,512,32,0.5,3,8,8,0,10,2924,0,0.0,175440,40765,0.23235864113087096,0,0.16639677258333335,0.0,0,0,0,
red3,1,6,60,cz_refinement,512,32,0.5,3,8,8,0,10,2924,0,0.0,175440,40765,0.23235864113087096,0,0.9041499130333333,0.0,0,0,0,crc_fallback:60
red3,1,6,60,joint_cwz,512,32,0.5,3,8,8,0,10,2924,0,0.0,175440,40765,0.23235864113087096,0,0.6500157864833334,0.0,0,480,0,crc_fallback:60
red3,1,7,60,lite,512,32,0.5,3,8,8,0,10,2924,0,0.0,175440,41054,0.23400592795257638,0,0.18830167991666663,0.0,0,0,0,
red3,1,7,60,cz_refinement,512,32,0.5,3,8,8,0,10,2924,0,0.0,175440,41054,0.23400592795257638,0,1.0255403296166667,0.0,0,0,0,crc_fallback:60
red3,1,7,60,joint_cwz,512,32,0.5,3,8,8,0,10,2924,0,0.0,175440,41054,0.23400592795257638,0,0.7508305834999998,0.0,0,480,0,crc_fallback:60
red3,1,6,60,lite,1024,64,0.5,5,10,10,0,5,3656,0,0.0,219360,44237,0.20166393143690736,0,0.23398819481666663,0.0,0,0,0,
red3,1,6,60,cz_refinement,1024,64,0.5,5,10,10,0,5,3656,0,0.0,219360,44237,0.20166393143690736,0,1.2006495249166664,0.0,0,0,0,crc_fallback:60
red3,1,6,60,joint_cwz,1024,64,0.5,5,10,10,0,5,3656,0,0.0,219360,44237,0.20166393143690736,0,0.9897578614333334,0.0,0,480,0,crc_fallback:60
red3,1,7,60,lite,1024,64,0.5,5,10,10,0,5,3656,0,0.0,219360,44698,0.2037654996353027,0,0.21012230585,0.0,0,0,0,
red3,1,7,60,cz_refinement,1024,64,0.5,5,10,10,0,5,3656,0,0.0,219360,44698,0.2037654996353027,0,0.9855827042666667,0.0,0,0,0,crc_fallback:60
red3,1,7,60,joint_cwz,1024,64,0.5,5,10,10,0,5,3656,0,0.0,219360,44698,0.2037654996353027,0,0.8174275176833333,0.0,0,480,0,crc_fallback:60
red3,2,6,60,lite,512,16,0.5,5,10,10,0,10,3656,0,0.0,219360,48838,0.2226385849744712,0,0.19051973663333338,0.0,0,0,0,
red3,2,6,60,cz_refinement,512,16,0.5,5,10,10,0,10,3656,0,0.0,219360,48902,0.22293034281546317,0,0.9816579799999999,0.0,1,0,0,crc_fallback:59;crc_rescue:1
red3,2,6,60,joint_cwz,512,16,0.5,5,10,10,0,10,3656,0,0.0,219360,48838,0.2226385849744712,0,0.8003428817499999,0.0,0,480,0,crc_fallback:60
red3,2,7,60,lite,512,16,0.5,5,10,10,0,10,3656,0,0.0,219360,49806,0.22705142231947484,0,0.1922590668333334,0.0,0,0,0,
red3,2,7,60,cz_refinement,512,16,0.5,5,10,10,0,10,3656,0,0.0,219360,49806,0.22705142231947484,0,1.02490244205,0.0,0,0,0,crc_fallback:60
red3,2,7,60,joint_cwz,512,16,0.5,5,10,10,0,10,3656,0,0.0,219360,49806,0.22705142231947484,0,0.7939739536833336,0.0,0,480,0,crc_fallback:60
red3,2,6,60,lite,512,32,0.5,5,10,10,0,10,3656,0,0.0,219360,49111,0.2238831145149526,0,0.20868941466666674,0.0,0,0,0,
red3,2,6,60,cz_refinement,512,32,0.5,5,10,10,0,10,3656,0,0.0,219360,49111,0.2238831145149526,0,1.1016590785833331,0.0,0,0,0,crc_fallback:60
red3,2,6,60,joint_cwz,512,32,0.5,5,10,10,0,10,3656,0,0.0,219360,49111,0.2238831145149526,0,0.9118161408000002,0.0,0,480,0,crc_fallback:60
red3,2,7,60,lite,512,32,0.5,5,10,10,0,10,3656,0,0.0,219360,49157,0.22409281546316556,0,0.18583493934999998,0.0,0,0,0,
red3,2,7,60,cz_refinement,512,32,0.5,5,10,10,0,10,3656,0,0.0,219360,49157,0.22409281546316556,0,0.9515908441666667,0.0,0,0,0,crc_fallback:60
red3,2,7,60,joint_cwz,512,32,0.5,5,10,10,0,10,3656,0,0.0,219360,49157,0.22409281546316556,0,0.7623939656666667,0.0,0,480,0,crc_fallback:60
red3,2,6,60,lite,512,16,0.5,5,8,10,0,10,3554,0,0.0,213240,47480,0.2226599137122491,0,0.20227499986666672,0.0,0,0,0,
red3,2,6,60,cz_refinement,512,16,0.5,5,8,10,0,10,3554,0,0.0,213240,47480,0.2226599137122491,0,1.0786262976333336,0.0,0,0,0,crc_fallback:60
red3,2,6,60,joint_cwz,512,16,0.5,5,8,10,0,10,3554,0,0.0,213240,47480,0.2226599137122491,0,0.8730042335999999,0.0,0,480,0,crc_fallback:60
red3,2,7,60,lite,512,16,0.5,5,8,10,0,10,3554,0,0.0,213240,47779,0.2240620896642281,0,0.20854070208333336,0.0,0,0,0,
red3,2,7,60,cz_refinement,512,16,0.5,5,8,10,0,10,3554,0,0.0,213240,47779,0.2240620896642281,0,1.0249831886333334,0.0,0,0,0,crc_fallback:60
red3,2,7,60,joint_cwz,512,16,0.5,5,8,10,0,10,3554,0,0.0,213240,47779,0.2240620896642281,0,0.8442561537166665,0.0,0,480,0,crc_fallback:60
red3,2,6,60,lite,1024,64,0.5,5,10,10,0,5,3656,1,0.016666666666666666,219360,35746,0.16295587162654995,0,0.22364257703333335,61.34228187919463,0,0,0,
red3,2,6,60,cz_refinement,1024,64,0.5,5,10,10,0,5,3656,1,0.016666666666666666,219360,35746,0.16295587162654995,0,1.0898443845000003,61.34228187919463,0,0,0,crc_fallback:59;lite_crc_valid_skip:1
red3,2,6,60,joint_cwz,1024,64,0.5,5,10,10,0,5,3656,1,0.016666666666666666,219360,35746,0.16295587162654995,0,0.8506801208166668,61.34228187919463,0,472,0,crc_fallback:59;lite_crc_valid_skip:1
red3,2,7,60,lite,1024,64,0.5,5,10,10,0,5,3656,1,0.016666666666666666,219360,34671,0.15805525164113784,0,0.19935522251666668,61.34228187919463,0,0,0,
red3,2,7,60,cz_refinement,1024,64,0.5,5,10,10,0,5,3656,2,0.03333333333333333,219360,34476,0.15716630196936543,0,1.0463946581166668,122.68456375838926,1,0,0,crc_fallback:58;crc_rescue:1;lite_crc_valid_skip:1
red3,2,7,60,joint_cwz,1024,64,0.5,5,10,10,0,5,3656,2,0.03333333333333333,219360,34476,0.15716630196936543,0,0.8807291949833334,122.68456375838926,1,472,0,crc_fallback:58;crc_rescue:1;lite_crc_valid_skip:1
red3,3,6,60,lite,512,16,0.5,5,10,8,0,10,3656,0,0.0,219360,46236,0.21077680525164114,0,0.1699004712833333,0.0,0,0,0,
red3,3,6,60,cz_refinement,512,16,0.5,5,10,8,0,10,3656,0,0.0,219360,46236,0.21077680525164114,0,0.8290922751500001,0.0,0,0,0,crc_fallback:60
red3,3,6,60,joint_cwz,512,16,0.5,5,10,8,0,10,3656,0,0.0,219360,46236,0.21077680525164114,0,0.57467982045,0.0,0,480,0,crc_fallback:60
red3,3,7,60,lite,512,16,0.5,5,10,8,0,10,3656,0,0.0,219360,45460,0.20723924142961342,0,0.15624734411666671,0.0,0,0,0,
red3,3,7,60,cz_refinement,512,16,0.5,5,10,8,0,10,3656,0,0.0,219360,45460,0.20723924142961342,0,0.8153595606999999,0.0,0,0,0,crc_fallback:60
red3,3,7,60,joint_cwz,512,16,0.5,5,10,8,0,10,3656,0,0.0,219360,45460,0.20723924142961342,0,0.5705054164333333,0.0,0,480,0,crc_fallback:60
red3,3,6,60,lite,512,16,0.5,5,10,10,0,10,3656,0,0.0,219360,51169,0.23326495258935084,0,0.16529629778333335,0.0,0,0,0,
red3,3,6,60,cz_refinement,512,16,0.5,5,10,10,0,10,3656,0,0.0,219360,51169,0.23326495258935084,0,0.8361279595333334,0.0,0,0,0,crc_fallback:60
red3,3,6,60,joint_cwz,512,16,0.5,5,10,10,0,10,3656,0,0.0,219360,51169,0.23326495258935084,0,0.6829147512833333,0.0,0,480,0,crc_fallback:60
red3,3,7,60,lite,512,16,0.5,5,10,10,0,10,3656,0,0.0,219360,51478,0.23467359591539022,0,0.17818618783333337,0.0,0,0,0,
red3,3,7,60,cz_refinement,512,16,0.5,5,10,10,0,10,3656,0,0.0,219360,51478,0.23467359591539022,0,0.8336129378833333,0.0,0,0,0,crc_fallback:60
red3,3,7,60,joint_cwz,512,16,0.5,5,10,10,0,10,3656,0,0.0,219360,51478,0.23467359591539022,0,0.6854191726333331,0.0,0,480,0,crc_fallback:60
red3,3,6,60,lite,512,0,0.5,5,10,10,0,10,3656,0,0.0,219360,52344,0.2386214442013129,0,0.16203884418333334,0.0,0,0,0,
red3,3,6,60,cz_refinement,512,0,0.5,5,10,10,0,10,3656,0,0.0,219360,52344,0.2386214442013129,0,0.8213417462999998,0.0,0,0,0,crc_fallback:60
red3,3,6,60,joint_cwz,512,0,0.5,5,10,10,0,10,3656,0,0.0,219360,52344,0.2386214442013129,0,0.7030394328166666,0.0,0,480,0,crc_fallback:60
red3,3,7,60,lite,512,0,0.5,5,10,10,0,10,3656,0,0.0,219360,54218,0.24716447848285922,0,0.11168876239999999,0.0,0,0,0,
red3,3,7,60,cz_refinement,512,0,0.5,5,10,10,0,10,3656,0,0.0,219360,54218,0.24716447848285922,0,0.5897836050499999,0.0,0,0,0,crc_fallback:60
red3,3,7,60,joint_cwz,512,0,0.5,5,10,10,0,10,3656,0,0.0,219360,54218,0.24716447848285922,0,0.4590067969166666,0.0,0,480,0,crc_fallback:60
red3,3,6,60,lite,1024,64,0.5,5,10,10,0,5,3656,2,0.03333333333333333,219360,38681,0.1763357038657914,0,0.0863626216,122.68456375838926,0,0,0,
red3,3,6,60,cz_refinement,1024,64,0.5,5,10,10,0,5,3656,2,0.03333333333333333,219360,38681,0.1763357038657914,0,0.4447176684833333,122.68456375838926,0,0,0,crc_fallback:58;lite_crc_valid_skip:2
red3,3,6,60,joint_cwz,1024,64,0.5,5,10,10,0,5,3656,2,0.03333333333333333,219360,38681,0.1763357038657914,0,0.35967970616666656,122.68456375838926,0,464,0,crc_fallback:58;lite_crc_valid_skip:2
red3,3,7,60,lite,1024,64,0.5,5,10,10,0,5,3656,0,0.0,219360,37763,0.17215080233406274,0,0.08336301958333335,0.0,0,0,0,
red3,3,7,60,cz_refinement,1024,64,0.5,5,10,10,0,5,3656,0,0.0,219360,37763,0.17215080233406274,0,0.4036257082666667,0.0,0,0,0,crc_fallback:60
red3,3,7,60,joint_cwz,1024,64,0.5,5,10,10,0,5,3656,0,0.0,219360,37763,0.17215080233406274,0,0.3317607908833334,0.0,0,480,0,crc_fallback:60
red4,1,6,60,lite,512,16,0.5,5,10,10,0,10,3656,2,0.03333333333333333,219360,39644,0.18072574762946755,0,0.2506323981666667,124.77815699658703,0,0,0,
red4,1,6,60,cz_refinement,512,16,0.5,5,10,10,0,10,3656,2,0.03333333333333333,219360,39644,0.18072574762946755,0,1.0832016418500001,124.77815699658703,0,0,0,crc_fallback:58;lite_crc_valid_skip:2
red4,1,6,60,joint_cwz,512,16,0.5,5,10,10,0,10,3656,2,0.03333333333333333,219360,39644,0.18072574762946755,0,0.8240233872833332,124.77815699658703,0,464,0,crc_fallback:58;lite_crc_valid_skip:2
red4,1,7,60,lite,512,16,0.5,5,10,10,0,10,3656,2,0.03333333333333333,219360,38529,0.17564277899343544,0,0.2329297637833333,124.77815699658703,0,0,0,
red4,1,7,60,cz_refinement,512,16,0.5,5,10,10,0,10,3656,2,0.03333333333333333,219360,38529,0.17564277899343544,0,1.0817121053333334,124.77815699658703,0,0,0,crc_fallback:58;lite_crc_valid_skip:2
red4,1,7,60,joint_cwz,512,16,0.5,5,10,10,0,10,3656,2,0.03333333333333333,219360,38529,0.17564277899343544,0,0.8871837338833333,124.77815699658703,0,464,0,crc_fallback:58;lite_crc_valid_skip:2
red4,1,6,60,lite,512,32,0.5,5,8,10,0,10,3554,2,0.03333333333333333,213240,36330,0.17037141249296567,0,0.25529930869999995,119.26174496644295,0,0,0,
red4,1,6,60,cz_refinement,512,32,0.5,5,8,10,0,10,3554,2,0.03333333333333333,213240,36330,0.17037141249296567,0,1.0590057361833334,119.26174496644295,0,0,0,crc_fallback:58;lite_crc_valid_skip:2
red4,1,6,60,joint_cwz,512,32,0.5,5,8,10,0,10,3554,2,0.03333333333333333,213240,36330,0.17037141249296567,0,0.8480703921000001,119.26174496644295,0,464,0,crc_fallback:58;lite_crc_valid_skip:2
red4,1,7,60,lite,512,32,0.5,5,8,10,0,10,3554,3,0.05,213240,34544,0.1619958731945226,0,0.26378286005,178.8926174496644,0,0,0,
red4,1,7,60,cz_refinement,512,32,0.5,5,8,10,0,10,3554,3,0.05,213240,34544,0.1619958731945226,0,1.186642061933333,178.8926174496644,0,0,0,crc_fallback:57;lite_crc_valid_skip:3
red4,1,7,60,joint_cwz,512,32,0.5,5,8,10,0,10,3554,3,0.05,213240,34544,0.1619958731945226,0,0.9145636170333336,178.8926174496644,0,456,0,crc_fallback:57;lite_crc_valid_skip:3
red4,1,6,60,lite,512,16,0.5,5,10,8,0,10,3656,4,0.06666666666666667,219360,24476,0.11157913931436908,0,0.24298322374999998,249.55631399317406,0,0,0,
red4,1,6,60,cz_refinement,512,16,0.5,5,10,8,0,10,3656,4,0.06666666666666667,219360,24476,0.11157913931436908,0,1.1287193830999998,249.55631399317406,0,0,0,crc_fallback:56;lite_crc_valid_skip:4
red4,1,6,60,joint_cwz,512,16,0.5,5,10,8,0,10,3656,4,0.06666666666666667,219360,24476,0.11157913931436908,0,0.7572673108,249.55631399317406,0,448,0,crc_fallback:56;lite_crc_valid_skip:4
red4,1,7,60,lite,512,16,0.5,5,10,8,0,10,3656,6,0.1,219360,26001,0.11853118161925602,0,0.21679547228333335,374.3344709897611,0,0,0,
red4,1,7,60,cz_refinement,512,16,0.5,5,10,8,0,10,3656,6,0.1,219360,26001,0.11853118161925602,0,0.9535423246833333,374.3344709897611,0,0,0,crc_fallback:54;lite_crc_valid_skip:6
red4,1,7,60,joint_cwz,512,16,0.5,5,10,8,0,10,3656,6,0.1,219360,26001,0.11853118161925602,0,0.7102892253666669,374.3344709897611,0,432,0,crc_fallback:54;lite_crc_valid_skip:6
red4,1,6,60,lite,1024,16,0.5,5,10,10,0,5,3656,9,0.15,219360,26591,0.1212208242159008,0,0.2088961959,566.3339070567986,0,0,0,
red4,1,6,60,cz_refinement,1024,16,0.5,5,10,10,0,5,3656,9,0.15,219360,26591,0.1212208242159008,0,0.9118985952,566.3339070567986,0,0,0,crc_fallback:51;lite_crc_valid_skip:9
red4,1,6,60,joint_cwz,1024,16,0.5,5,10,10,0,5,3656,9,0.15,219360,26591,0.1212208242159008,0,0.7895435191333334,566.3339070567986,0,408,0,crc_fallback:51;lite_crc_valid_skip:9
red4,1,7,60,lite,1024,16,0.5,5,10,10,0,5,3656,9,0.15,219360,26796,0.12215536105032823,0,0.18079184043333335,566.3339070567986,0,0,0,
red4,1,7,60,cz_refinement,1024,16,0.5,5,10,10,0,5,3656,9,0.15,219360,26796,0.12215536105032823,0,0.8770984771500001,566.3339070567986,0,0,0,crc_fallback:51;lite_crc_valid_skip:9
red4,1,7,60,joint_cwz,1024,16,0.5,5,10,10,0,5,3656,9,0.15,219360,26796,0.12215536105032823,0,0.7061091420000002,566.3339070567986,0,408,0,crc_fallback:51;lite_crc_valid_skip:9
red4,2,6,60,lite,512,0,0.5,5,10,10,0,10,3656,0,0.0,219360,44477,0.20275802334062729,0,0.18501666835,0.0,0,0,0,
red4,2,6,60,cz_refinement,512,0,0.5,5,10,10,0,10,3656,0,0.0,219360,44477,0.20275802334062729,0,0.9956951107666668,0.0,0,0,0,crc_fallback:60
red4,2,6,60,joint_cwz,512,0,0.5,5,10,10,0,10,3656,0,0.0,219360,44477,0.20275802334062729,0,0.7944305475833334,0.0,0,480,0,crc_fallback:60
red4,2,7,60,lite,512,0,0.5,5,10,10,0,10,3656,1,0.016666666666666666,219360,42354,0.19307986870897156,0,0.2269796136666667,63.47222222222222,0,0,0,
red4,2,7,60,cz_refinement,512,0,0.5,5,10,10,0,10,3656,1,0.016666666666666666,219360,42354,0.19307986870897156,0,1.0673170628666664,63.47222222222222,0,0,0,crc_fallback:59;lite_crc_valid_skip:1
red4,2,7,60,joint_cwz,512,0,0.5,5,10,10,0,10,3656,1,0.016666666666666666,219360,42354,0.19307986870897156,0,0.9051336521000001,63.47222222222222,0,472,0,crc_fallback:59;lite_crc_valid_skip:1
red4,2,6,60,lite,512,0,0.5,5,10,8,0,10,3656,2,0.03333333333333333,219360,33604,0.15319110138584974,0,0.22115900696666665,126.94444444444444,0,0,0,
red4,2,6,60,cz_refinement,512,0,0.5,5,10,8,0,10,3656,2,0.03333333333333333,219360,33604,0.15319110138584974,0,0.9774644976166665,126.94444444444444,0,0,0,crc_fallback:58;lite_crc_valid_skip:2
red4,2,6,60,joint_cwz,512,0,0.5,5,10,8,0,10,3656,2,0.03333333333333333,219360,33604,0.15319110138584974,0,0.6718276383500003,126.94444444444444,0,464,0,crc_fallback:58;lite_crc_valid_skip:2
red4,2,7,60,lite,512,0,0.5,5,10,8,0,10,3656,2,0.03333333333333333,219360,34415,0.15688822027716995,0,0.16744086585000004,126.94444444444444,0,0,0,
red4,2,7,60,cz_refinement,512,0,0.5,5,10,8,0,10,3656,3,0.05,219360,34414,0.15688366156090444,0,0.7847737379499999,190.41666666666666,1,0,0,crc_fallback:57;crc_rescue:1;lite_crc_valid_skip:2
red4,2,7,60,joint_cwz,512,0,0.5,5,10,8,0,10,3656,3,0.05,219360,34414,0.15688366156090444,0,0.5596890318666666,190.41666666666666,1,464,0,crc_fallback:57;crc_rescue:1;lite_crc_valid_skip:2
red4,2,6,60,lite,512,64,0.5,5,10,10,0,9,3288,1,0.016666666666666666,197280,37774,0.19147404703974047,0,0.19335728669999994,56.689655172413794,0,0,0,
red4,2,6,60,cz_refinement,512,64,0.5,5,10,10,0,9,3288,1,0.016666666666666666,197280,37774,0.19147404703974047,0,0.9516790110833333,56.689655172413794,0,0,0,crc_fallback:59;lite_crc_valid_skip:1
red4,2,6,60,joint_cwz,512,64,0.5,5,10,10,0,9,3288,1,0.016666666666666666,197280,37774,0.19147404703974047,0,0.7398820955166666,56.689655172413794,0,472,0,crc_fallback:59;lite_crc_valid_skip:1
red4,2,7,60,lite,512,64,0.5,5,10,10,0,9,3288,1,0.016666666666666666,197280,37900,0.19211273317112734,0,0.18943474368333335,56.689655172413794,0,0,0,
red4,2,7,60,cz_refinement,512,64,0.5,5,10,10,0,9,3288,1,0.016666666666666666,197280,37900,0.19211273317112734,0,0.9619081945833334,56.689655172413794,0,0,0,crc_fallback:59;lite_crc_valid_skip:1
red4,2,7,60,joint_cwz,512,64,0.5,5,10,10,0,9,3288,1,0.016666666666666666,197280,37900,0.19211273317112734,0,0.7806235732000001,56.689655172413794,0,472,0,crc_fallback:59;lite_crc_valid_skip:1
red4,2,6,60,lite,1024,16,0.5,5,10,10,0,5,3656,8,0.13333333333333333,219360,25840,0.11779722830051058,0,0.23369217106666673,503.407917383821,0,0,0,
red4,2,6,60,cz_refinement,1024,16,0.5,5,10,10,0,5,3656,9,0.15,219360,25676,0.11704959883296863,0,0.9286119523833334,566.3339070567986,1,0,0,crc_fallback:51;crc_rescue:1;lite_crc_valid_skip:8
red4,2,6,60,joint_cwz,1024,16,0.5,5,10,10,0,5,3656,9,0.15,219360,25676,0.11704959883296863,0,0.7816659079666667,566.3339070567986,1,416,0,crc_fallback:51;crc_rescue:1;lite_crc_valid_skip:8
red4,2,7,60,lite,1024,16,0.5,5,10,10,0,5,3656,12,0.2,219360,26344,0.1200948212983224,0,0.20199607143333334,755.1118760757315,0,0,0,
red4,2,7,60,cz_refinement,1024,16,0.5,5,10,10,0,5,3656,12,0.2,219360,26344,0.1200948212983224,0,0.9061393049333334,755.1118760757315,0,0,0,crc_fallback:48;lite_crc_valid_skip:12
red4,2,7,60,joint_cwz,1024,16,0.5,5,10,10,0,5,3656,12,0.2,219360,26344,0.1200948212983224,0,0.7648075546833334,755.1118760757315,0,384,0,crc_fallback:48;lite_crc_valid_skip:12
red4,3,6,60,lite,512,0,0.5,5,10,10,0,10,3656,0,0.0,219360,42116,0.19199489423778265,0,0.1930807743,0.0,0,0,0,
red4,3,6,60,cz_refinement,512,0,0.5,5,10,10,0,10,3656,0,0.0,219360,42116,0.19199489423778265,0,0.9938425928999999,0.0,0,0,0,crc_fallback:60
red4,3,6,60,joint_cwz,512,0,0.5,5,10,10,0,10,3656,0,0.0,219360,42116,0.19199489423778265,0,0.7764801709666664,0.0,0,480,0,crc_fallback:60
red4,3,7,60,lite,512,0,0.5,5,10,10,0,10,3656,0,0.0,219360,41104,0.187381473377097,0,0.18052013311666665,0.0,0,0,0,
red4,3,7,60,cz_refinement,512,0,0.5,5,10,10,0,10,3656,0,0.0,219360,41104,0.187381473377097,0,0.9014359803499998,0.0,0,0,0,crc_fallback:60
red4,3,7,60,joint_cwz,512,0,0.5,5,10,10,0,10,3656,0,0.0,219360,41104,0.187381473377097,0,0.7280823477500001,0.0,0,480,0,crc_fallback:60
red4,3,6,60,lite,512,16,0.5,5,10,10,0,10,3656,0,0.0,219360,37193,0.16955233406272793,0,0.18159664839999998,0.0,0,0,0,
red4,3,6,60,cz_refinement,512,16,0.5,5,10,10,0,10,3656,1,0.016666666666666666,219360,37191,0.16954321663019695,0,0.8812042180000003,62.389078498293514,1,0,0,crc_fallback:59;crc_rescue:1
red4,3,6,60,joint_cwz,512,16,0.5,5,10,10,0,10,3656,1,0.016666666666666666,219360,37191,0.16954321663019695,0,0.6928738240333332,62.389078498293514,1,480,0,crc_fallback:59;crc_rescue:1
red4,3,7,60,lite,512,16,0.5,5,10,10,0,10,3656,0,0.0,219360,39479,0.1799735594456601,0,0.17511845376666668,0.0,0,0,0,
red4,3,7,60,cz_refinement,512,16,0.5,5,10,10,0,10,3656,0,0.0,219360,39479,0.1799735594456601,0,0.8480863093666666,0.0,0,0,0,crc_fallback:60
red4,3,7,60,joint_cwz,512,16,0.5,5,10,10,0,10,3656,0,0.0,219360,39479,0.1799735594456601,0,0.6874899951999999,0.0,0,480,0,crc_fallback:60
red4,3,6,60,lite,512,0,0.5,5,8,10,0,10,3554,1,0.016666666666666666,213240,38576,0.18090414556368412,0,0.16622539941666667,61.701388888888886,0,0,0,
red4,3,6,60,cz_refinement,512,0,0.5,5,8,10,0,10,3554,1,0.016666666666666666,213240,38576,0.18090414556368412,0,0.8181606343500001,61.701388888888886,0,0,0,crc_fallback:59;lite_crc_valid_skip:1
red4,3,6,60,joint_cwz,512,0,0.5,5,8,10,0,10,3554,1,0.016666666666666666,213240,38576,0.18090414556368412,0,0.6482478526333334,61.701388888888886,0,472,0,crc_fallback:59;lite_crc_valid_skip:1
red4,3,7,60,lite,512,0,0.5,5,8,10,0,10,3554,2,0.03333333333333333,213240,38866,0.18226411555055336,0,0.12547572313333333,123.40277777777777,0,0,0,
red4,3,7,60,cz_refinement,512,0,0.5,5,8,10,0,10,3554,2,0.03333333333333333,213240,38866,0.18226411555055336,0,0.5974697225333332,123.40277777777777,0,0,0,crc_fallback:58;lite_crc_valid_skip:2
red4,3,7,60,joint_cwz,512,0,0.5,5,8,10,0,10,3554,2,0.03333333333333333,213240,38866,0.18226411555055336,0,0.4740105479166667,123.40277777777777,0,464,0,crc_fallback:58;lite_crc_valid_skip:2
red4,3,6,60,lite,1024,16,0.5,5,10,10,0,5,3656,17,0.2833333333333333,219360,23967,0.10925875273522975,0,0.08067000305000001,1069.7418244406197,0,0,0,
red4,3,6,60,cz_refinement,1024,16,0.5,5,10,10,0,5,3656,17,0.2833333333333333,219360,23967,0.10925875273522975,0,0.3458687115333333,1069.7418244406197,0,0,0,crc_fallback:43;lite_crc_valid_skip:17
red4,3,6,60,joint_cwz,1024,16,0.5,5,10,10,0,5,3656,17,0.2833333333333333,219360,23967,0.10925875273522975,0,0.29982042996666664,1069.7418244406197,0,344,0,crc_fallback:43;lite_crc_valid_skip:17
red4,3,7,60,lite,1024,16,0.5,5,10,10,0,5,3656,16,0.26666666666666666,219360,22910,0.10444018964259665,0,0.08442621760000003,1006.815834767642,0,0,0,
red4,3,7,60,cz_refinement,1024,16,0.5,5,10,10,0,5,3656,16,0.26666666666666666,219360,22910,0.10444018964259665,0,0.3451307103833334,1006.815834767642,0,0,0,crc_fallback:44;lite_crc_valid_skip:16
red4,3,7,60,joint_cwz,1024,16,0.5,5,10,10,0,5,3656,17,0.2833333333333333,219360,22638,0.10320021881838075,0,0.2944077983666667,1069.7418244406197,1,352,0,crc_fallback:43;crc_rescue:1;lite_crc_valid_skip:16
