channel,lane,algorithm_id,nfft,cp,code_rate,outer_spacing,inner_spacing,check_degree,horizon,mean_effective_rate_bps,min_effective_rate_bps,mean_psr,ber,decode_seconds
red1,1,standard,512,16,0.5,3,4,10,0,1922.8668941979522,1880.136518771331,0.75,0.004452875399361023,0.0912271581
red1,1,adaptive_lite,512,16,0.5,3,4,10,0,1922.8668941979522,1880.136518771331,0.75,0.004452875399361023,0.12782195399166668
red1,1,lite,2048,0,0.5,3,3,8,4,1833.203125,1786.1979166666667,0.6499999999999999,0.001793628808864266,0.19452588064166665
red1,1,adaptive_lite,2048,0,0.5,3,3,8,4,1833.203125,1786.1979166666667,0.6499999999999999,0.001793628808864266,0.2854192060083333
red1,1,lite,2048,0,0.5,3,4,8,4,1772.7083333333335,1640.4166666666667,0.5583333333333333,0.008257463910761155,0.208444464
red1,1,adaptive_lite,2048,0,0.5,3,4,8,4,1772.7083333333335,1640.4166666666667,0.5583333333333333,0.008257463910761155,0.2823232884833333
red1,1,adaptive_lite,1024,16,0.5,5,10,10,0,566.3339070567986,440.48192771084337,0.15,0.13588621444201313,0.21152205110833336
red1,1,lite,512,16,0.5,3,4,10,0,555.494880546075,555.494880546075,0.21666666666666667,0.14353700745473907,0.15457595123333334
red1,1,lite,1024,16,0.5,5,10,10,0,409.0189328743545,314.6299483648881,0.10833333333333334,0.15501686725018235,0.16416589434166667
red1,1,standard,1024,16,0.5,5,10,10,0,251.7039586919105,188.77796901893288,0.06666666666666667,0.1563092633114515,0.09082442980000002
red1,1,standard,2048,0,0.5,3,4,8,4,52.91666666666667,52.91666666666667,0.016666666666666666,0.28403871391076113,0.13259273893333332
red1,1,standard,2048,0,0.5,3,3,8,4,0.0,0.0,0.0,0.2968028624192059,0.13032370724166664
red1,2,lite,2048,64,0.5,3,4,8,4,1995.7142857142853,1917.9591836734692,0.6416666666666666,0.006477608267716536,0.19988951943333338
red1,2,adaptive_lite,2048,64,0.5,3,4,8,4,1995.7142857142853,1917.9591836734692,0.6416666666666666,0.006477608267716536,0.29496880981666673
red1,2,lite,2048,0,0.5,3,4,8,4,1931.4583333333335,1905.0,0.6083333333333334,0.009485728346456694,0.18948187850833326
red1,2,adaptive_lite,2048,0,0.5,3,4,8,4,1931.4583333333335,1905.0,0.6083333333333334,0.009485728346456694,0.2927059860083333
red1,2,lite,2048,64,0.5,3,5,8,4,1742.1428571428569,1548.5714285714284,0.525,0.010851014760147602,0.20573114371666665
red1,2,adaptive_lite,2048,64,0.5,3,5,8,4,1742.1428571428569,1548.5714285714284,0.525,0.010851014760147602,0.29403513793333336
red1,2,adaptive_lite,1024,16,0.5,5,10,10,0,188.77796901893288,188.77796901893288,0.05,0.14645559810357403,0.22143166928333335
red1,2,standard,1024,16,0.5,5,10,10,0,188.77796901893288,188.77796901893288,0.05,0.15938183807439826,0.09306766611666667
red1,2,lite,1024,16,0.5,5,10,10,0,31.46299483648881,0.0,0.008333333333333333,0.16552698760029175,0.16539550147499998
red1,2,standard,2048,0,0.5,3,4,8,4,0.0,0.0,0.0,0.2763800032808399,0.12503887134166666
red1,2,standard,2048,64,0.5,3,4,8,4,0.0,0.0,0.0,0.2773416994750656,0.1351281576916667
red1,2,standard,2048,64,0.5,3,5,8,4,0.0,0.0,0.0,0.3018257995079951,0.13090604217499996
red1,3,lite,2048,128,0.5,5,10,8,4,3625.25625,3588.6375,0.825,0.0037677077999658643,0.08070798251666667
red1,3,adaptive_lite,2048,128,0.5,5,10,8,4,3625.25625,3588.6375,0.825,0.0037677077999658643,0.11581318354166666
red1,3,standard,512,32,0.5,5,10,10,0,3465.838926174497,3435.1677852348994,0.9416666666666667,1.823486506199854e-5,0.033761915225
red1,3,adaptive_lite,512,32,0.5,5,10,10,0,3465.838926174497,3435.1677852348994,0.9416666666666667,1.823486506199854e-5,0.041732044366666665
red1,3,standard,512,32,0.5,8,8,10,0,2926.963087248322,2830.469798657718,0.7583333333333333,0.018742392627369153,0.03780946025833334
red1,3,adaptive_lite,1024,16,0.5,5,10,10,0,2800.2065404475043,2642.89156626506,0.7416666666666667,0.016894602479941647,0.072698012325
red1,3,lite,1024,16,0.5,5,10,10,0,2768.7435456110156,2768.7435456110156,0.7333333333333333,0.017302607585703865,0.06709463725833334
red1,3,adaptive_lite,512,32,0.5,8,8,10,0,1736.8791946308725,1608.221476510067,0.45,0.10815510346026778,0.07144817666666665
red1,3,standard,1024,16,0.5,5,10,10,0,1069.7418244406194,1006.815834767642,0.2833333333333333,0.1013721735959154,0.037342818274999995
red1,3,lite,512,32,0.5,5,10,10,0,0.0,0.0,0.0,0.19012354121079503,0.07349889386666665
red1,3,lite,512,32,0.5,8,8,10,0,0.0,0.0,0.0,0.30531646670144325,0.07302109403333334
red1,3,standard,2048,128,0.5,5,10,8,4,0.0,0.0,0.0,0.31251493428912785,0.05600534951666668
red2,1,standard,512,32,0.25,3,10,10,0,1280.1342281879195,1204.8322147651006,0.8500000000000001,0.00015597147950089128,0.08553119198333334
red2,1,adaptive_lite,512,32,0.25,3,10,10,0,1255.03355704698,1154.6308724832215,0.8333333333333334,0.00019496434937611408,0.11262101381666667
red2,1,lite,2048,64,0.25,3,10,10,4,1240.816326530612,1209.7959183673468,0.6666666666666667,0.0008257949561403508,0.22532889060833333
red2,1,adaptive_lite,2048,64,0.25,3,10,10,4,1240.816326530612,1209.7959183673468,0.6666666666666667,0.0008257949561403508,0.2943178649666667
red2,1,standard,512,16,0.25,3,10,10,0,1199.863481228669,1174.334470989761,0.7833333333333334,0.0002228163992869875,0.07148160507500001
red2,1,adaptive_lite,512,16,0.25,3,10,10,0,1174.334470989761,1174.334470989761,0.7666666666666667,0.000250668449197861,0.11600457996666669
red2,1,lite,512,32,0.25,3,10,10,0,753.020134228188,727.9194630872483,0.5,0.002645944741532977,0.12073956909999997
red2,1,lite,512,16,0.25,3,10,10,0,638.2252559726962,612.6962457337884,0.4166666666666667,0.00401626559714795,0.12109001568333334
red2,1,standard,2048,64,0.25,3,10,10,4,108.57142857142856,62.04081632653061,0.058333333333333334,0.22072711074561405,0.13184803131666667
red2,1,adaptive_lite,1024,64,0.5,5,10,10,0,92.01342281879195,61.34228187919463,0.025,0.17884527716994894,0.20495102953333336
red2,1,lite,1024,64,0.5,5,10,10,0,61.34228187919463,61.34228187919463,0.016666666666666666,0.21338439095550693,0.16072993440833333
red2,1,standard,1024,64,0.5,5,10,10,0,30.671140939597315,0.0,0.008333333333333333,0.1743230306345733,0.099662636025
red2,2,standard,512,32,0.5,3,5,10,0,2062.281879194631,2017.4496644295302,0.7666666666666666,0.01967003493013972,0.08036501375833334
red2,2,adaptive_lite,512,32,0.5,3,5,10,0,2062.281879194631,2017.4496644295302,0.7666666666666666,0.020484031936127745,0.14119108932500002
red2,2,standard,512,32,0.5,3,10,10,0,1867.3825503355704,1867.3825503355704,0.6166666666666667,0.0403978280141844,0.08230136053333333
red2,2,adaptive_lite,512,32,0.5,3,10,10,0,1867.3825503355704,1867.3825503355704,0.6166666666666667,0.046800199468085106,0.1600829064
red2,2,standard,512,32,0.5,3,8,10,0,1815.234899328859,1766.1744966442952,0.6166666666666667,0.038352143182854535,0.09324442547499999
red2,2,adaptive_lite,512,32,0.5,3,8,10,0,1815.234899328859,1766.1744966442952,0.6166666666666667,0.04291210670314637,0.14084884124166663
red2,2,lite,512,32,0.5,3,5,10,0,67.24832214765101,44.83221476510067,0.025,0.19624189121756486,0.1499520556
red2,2,adaptive_lite,1024,64,0.5,5,10,10,0,61.34228187919463,61.34228187919463,0.016666666666666666,0.16212618526622902,0.20895285109166664
red2,2,standard,1024,64,0.5,5,10,10,0,61.34228187919463,61.34228187919463,0.016666666666666666,0.1701084974471189,0.09621356681666668
red2,2,lite,1024,64,0.5,5,10,10,0,0.0,0.0,0.0,0.18202042304886945,0.1694559657166667
red2,2,lite,512,32,0.5,3,10,10,0,0.0,0.0,0.0,0.21070478723404254,0.13673534008333332
red2,2,lite,512,32,0.5,3,8,10,0,0.0,0.0,0.0,0.22136912904696762,0.13403011806666668
red2,3,standard,512,32,0.5,3,10,10,0,2422.5503355704695,2321.6107382550335,0.8,0.014924091312056737,0.08443460091666669
red2,3,adaptive_lite,512,32,0.5,3,10,10,0,2422.5503355704695,2321.6107382550335,0.8,0.015503102836879433,0.12030901700833332
red2,3,standard,512,32,0.5,3,8,10,0,2403.959731543624,2305.8389261744965,0.8166666666666667,0.014554833561331509,0.08146902490833335
red2,3,adaptive_lite,512,32,0.5,3,8,10,0,2403.959731543624,2305.8389261744965,0.8166666666666667,0.015831623347013223,0.11615958828333334
red2,3,standard,512,32,0.5,5,5,10,0,2397.8523489932886,2343.3557046979863,0.7333333333333334,0.022970545977011494,0.09659018774166665
red2,3,adaptive_lite,512,32,0.5,5,5,10,0,2397.8523489932886,2343.3557046979863,0.7333333333333334,0.023778735632183908,0.14867687989166664
red2,3,adaptive_lite,1024,64,0.5,5,10,10,0,705.4362416107382,674.7651006711409,0.19166666666666665,0.1169789387308534,0.20166010454166666
red2,3,standard,1024,64,0.5,5,10,10,0,674.7651006711409,613.4228187919463,0.18333333333333335,0.14027169948942378,0.10419222926666666
red2,3,lite,512,32,0.5,3,10,10,0,75.70469798657719,50.46979865771812,0.025,0.17791722074468086,0.14895603090833334
red2,3,lite,1024,64,0.5,5,10,10,0,61.34228187919463,0.0,0.016666666666666666,0.1549690007293946,0.17158226849166666
red2,3,lite,512,32,0.5,5,5,10,0,54.49664429530201,54.49664429530201,0.016666666666666666,0.20541358784893268,0.15893443563333337
red2,3,lite,512,32,0.5,3,8,10,0,24.530201342281877,0.0,0.008333333333333333,0.19246181030551757,0.16061718488333332
red3,1,standard,512,32,0.5,3,10,10,0,2498.2550335570468,2473.020134228188,0.825,0.010123005319148936,0.08757674702499998
red3,1,adaptive_lite,512,32,0.5,3,10,10,0,2498.2550335570468,2473.020134228188,0.825,0.011040004432624113,0.12276393710833336
red3,1,standard,512,32,0.5,3,10,8,0,2094.496644295302,2069.261744966443,0.6916666666666667,0.0004515735815602837,0.07940025445
red3,1,adaptive_lite,512,32,0.5,3,10,8,0,2094.496644295302,2069.261744966443,0.6916666666666667,0.0004515735815602837,0.14089822188333329
red3,1,standard,512,32,0.5,3,8,8,0,1962.4161073825503,1913.3557046979865,0.6666666666666667,0.000658344733242134,0.09029647269166666
red3,1,adaptive_lite,512,32,0.5,3,8,8,0,1962.4161073825503,1913.3557046979865,0.6666666666666667,0.000658344733242134,0.12914489980000002
red3,1,standard,1024,64,0.5,5,10,10,0,337.3825503355705,245.36912751677852,0.09166666666666667,0.11000866156090446,0.10210624063333334
red3,1,adaptive_lite,1024,64,0.5,5,10,10,0,337.3825503355705,245.36912751677852,0.09166666666666667,0.11449215900802334,0.20762099172499998
red3,1,lite,1024,64,0.5,5,10,10,0,0.0,0.0,0.0,0.20271471553610504,0.17063733817500001
red3,1,lite,512,32,0.5,3,10,8,0,0.0,0.0,0.0,0.22006870567375886,0.13844445657499999
red3,1,lite,512,32,0.5,3,10,10,0,0.0,0.0,0.0,0.23131925975177306,0.13805416545833335
red3,1,lite,512,32,0.5,3,8,8,0,0.0,0.0,0.0,0.23318228454172366,0.12340374433333334
red3,2,standard,512,16,0.5,5,10,10,0,2994.6757679180887,2994.6757679180887,0.8,0.013145058351568198,0.09704133293333335
red3,2,standard,512,16,0.5,5,8,10,0,2971.7747440273038,2911.126279863481,0.8166666666666667,0.012851716375914462,0.09258291734166665
red3,2,adaptive_lite,512,16,0.5,5,8,10,0,2971.7747440273038,2911.126279863481,0.8166666666666667,0.012851716375914462,0.14310608624166665
red3,2,adaptive_lite,512,16,0.5,5,10,10,0,2963.481228668942,2932.286689419795,0.7916666666666667,0.014843180160466813,0.13455081929166668
red3,2,standard,512,32,0.5,5,10,10,0,2944.429530201342,2944.429530201342,0.8,0.011966630196936542,0.09007605675000001
red3,2,adaptive_lite,512,32,0.5,5,10,10,0,2944.429530201342,2944.429530201342,0.8,0.011966630196936542,0.1329491567
red3,2,standard,1024,64,0.5,5,10,10,0,1104.1610738255033,1104.1610738255033,0.3,0.0798732676878191,0.10328873025833332
red3,2,adaptive_lite,1024,64,0.5,5,10,10,0,1104.1610738255033,1104.1610738255033,0.3,0.08078729029905178,0.1966395000666667
red3,2,lite,1024,64,0.5,5,10,10,0,61.34228187919463,61.34228187919463,0.016666666666666666,0.1605055616338439,0.1741728201666667
red3,2,lite,512,16,0.5,5,8,10,0,0.0,0.0,0.0,0.2233610016882386,0.16800648233333337
red3,2,lite,512,32,0.5,5,10,10,0,0.0,0.0,0.0,0.22398796498905907,0.18718622380833333
red3,2,lite,512,16,0.5,5,10,10,0,0.0,0.0,0.0,0.22484500364697302,0.17262223475
red3,3,standard,512,16,0.5,5,10,8,0,3119.4539249146756,2994.6757679180887,0.8333333333333334,0.0053359773887673234,0.04032457166666668
red3,3,adaptive_lite,512,16,0.5,5,10,8,0,3119.4539249146756,2994.6757679180887,0.8333333333333334,0.00649389132020423,0.06378597016666668
red3,3,standard,512,16,0.5,5,10,10,0,3057.0648464163824,2932.286689419795,0.8166666666666667,0.01149936177972283,0.04404334653333332
red3,3,adaptive_lite,512,16,0.5,5,10,10,0,3057.0648464163824,2932.286689419795,0.8166666666666667,0.012438457330415756,0.060747301991666655
red3,3,standard,512,0,0.5,5,10,10,0,2983.1944444444443,2983.1944444444443,0.7833333333333333,0.020801422319474835,0.04300993181666667
red3,3,adaptive_lite,512,0,0.5,5,10,10,0,2983.1944444444443,2983.1944444444443,0.7833333333333333,0.02289615244347192,0.06538169038333333
red3,3,standard,1024,64,0.5,5,10,10,0,1840.268456375839,1778.9261744966443,0.5,0.056774252370532456,0.04380751783333333
red3,3,adaptive_lite,1024,64,0.5,5,10,10,0,1840.268456375839,1778.9261744966443,0.5,0.05769283369803063,0.081002479775
red3,3,lite,1024,64,0.5,5,10,10,0,61.34228187919463,0.0,0.016666666666666666,0.17424325309992705,0.08540890173333333
red3,3,lite,512,16,0.5,5,10,8,0,0.0,0.0,0.0,0.2090080233406273,0.07932278972500001
red3,3,lite,512,16,0.5,5,10,10,0,0.0,0.0,0.0,0.23396927425237055,0.08843176646666667
red3,3,lite,512,0,0.5,5,10,10,0,0.0,0.0,0.0,0.24289296134208607,0.07908484215833335
red4,1,standard,512,16,0.5,5,10,10,0,3618.566552901024,3556.1774744027302,0.9666666666666666,0.0013584974471188914,0.08973749580833335
red4,1,adaptive_lite,512,16,0.5,5,10,10,0,3587.372013651877,3556.1774744027302,0.9583333333333333,0.0028309628008752735,0.11046603825833334
red4,1,standard,512,32,0.5,5,8,10,0,3458.5906040268455,3458.5906040268455,0.9666666666666667,0.00038219846182704936,0.08906869119166667
red4,1,adaptive_lite,512,32,0.5,5,8,10,0,3458.5906040268455,3458.5906040268455,0.9666666666666667,0.00038219846182704936,0.09886526191666667
red4,1,standard,512,16,0.5,5,10,8,0,3431.3993174061434,3431.3993174061434,0.9166666666666666,2.963165572574763e-5,0.07930942191666668
red4,1,adaptive_lite,512,16,0.5,5,10,8,0,3431.3993174061434,3431.3993174061434,0.9166666666666666,3.646973012399708e-5,0.11698603354166665
red4,1,standard,1024,16,0.5,5,10,10,0,2265.3356282271943,2202.4096385542166,0.6000000000000001,0.03922547410649161,0.08368925471666666
red4,1,adaptive_lite,1024,16,0.5,5,10,10,0,2265.3356282271943,2202.4096385542166,0.6000000000000001,0.03974060904449307,0.1509544214166667
red4,1,lite,1024,16,0.5,5,10,10,0,566.3339070567986,566.3339070567986,0.15,0.12168809263311452,0.1617948008583333
red4,1,lite,512,16,0.5,5,10,8,0,311.9453924914676,249.55631399317406,0.08333333333333334,0.11505516046681255,0.16078115675
red4,1,lite,512,32,0.5,5,8,10,0,149.07718120805367,119.26174496644295,0.04166666666666667,0.16618364284374415,0.18777721343333337
red4,1,lite,512,16,0.5,5,10,10,0,124.77815699658703,124.77815699658703,0.03333333333333333,0.17818426331145149,0.1709408694833333
red4,2,standard,512,0,0.5,5,10,10,0,3173.6111111111113,3046.6666666666665,0.8333333333333334,0.00837208242159008,0.0895728121
red4,2,adaptive_lite,512,0,0.5,5,10,10,0,3173.6111111111113,3046.6666666666665,0.8333333333333334,0.009288384390955508,0.14292636585000001
red4,2,standard,512,64,0.5,5,10,10,0,3089.5862068965516,3004.551724137931,0.9083333333333333,0.0027220194647201946,0.08326558373333334
red4,2,adaptive_lite,512,64,0.5,5,10,10,0,3061.241379310345,2947.862068965517,0.9,0.004024736415247364,0.11469033589166669
red4,2,standard,512,0,0.5,5,10,8,0,2761.041666666667,2729.3055555555557,0.725,0.00020286287381473378,0.08142164839999999
red4,2,adaptive_lite,512,0,0.5,5,10,8,0,2761.041666666667,2729.3055555555557,0.725,0.00020286287381473378,0.14133455350000002
red4,2,standard,1024,16,0.5,5,10,10,0,2170.946643717728,2139.4836488812393,0.575,0.044415572574762946,0.08170110516666668
red4,2,adaptive_lite,1024,16,0.5,5,10,10,0,2170.946643717728,2139.4836488812393,0.575,0.045160922684172135,0.14840251839166665
red4,2,lite,1024,16,0.5,5,10,10,0,629.2598967297763,503.407917383821,0.16666666666666669,0.11894602479941649,0.1651103958333333
red4,2,lite,512,0,0.5,5,10,8,0,126.94444444444444,126.94444444444444,0.03333333333333333,0.15503966083150986,0.1509003957416667
red4,2,lite,512,64,0.5,5,10,10,0,56.689655172413794,56.689655172413794,0.016666666666666666,0.1917933901054339,0.15264293720833333
red4,2,lite,512,0,0.5,5,10,10,0,31.73611111111111,0.0,0.008333333333333333,0.19791894602479942,0.19042461496666668
red4,3,standard,512,16,0.5,5,10,10,0,3587.372013651877,3493.7883959044366,0.9583333333333333,0.0017824580598103574,0.0603631323
red4,3,adaptive_lite,512,16,0.5,5,10,10,0,3587.372013651877,3493.7883959044366,0.9583333333333333,0.0017824580598103574,0.07577160018333334
red4,3,standard,512,0,0.5,5,10,10,0,3554.4444444444443,3427.5,0.9333333333333333,0.0027648614150255287,0.06424639380833333
red4,3,adaptive_lite,512,0,0.5,5,10,10,0,3490.972222222222,3364.027777777778,0.9166666666666666,0.002778537563822028,0.09221098658333333
red4,3,standard,512,0,0.5,5,8,10,0,3393.5763888888887,3331.875,0.9166666666666667,0.0028301444381917088,0.06060061841666667
red4,3,adaptive_lite,512,0,0.5,5,8,10,0,3393.5763888888887,3331.875,0.9166666666666667,0.0028301444381917088,0.078141860875
red4,3,adaptive_lite,1024,16,0.5,5,10,10,0,1982.1686746987953,1950.7056798623064,0.525,0.06295359226841721,0.11308942393333334
red4,3,standard,1024,16,0.5,5,10,10,0,1950.7056798623062,1887.7796901893287,0.5166666666666666,0.06281227206418673,0.06599242019166668
red4,3,lite,1024,16,0.5,5,10,10,0,1038.2788296041308,1006.815834767642,0.275,0.1068494711889132,0.12708455643333333
red4,3,lite,512,0,0.5,5,8,10,0,92.55208333333333,61.701388888888886,0.025,0.18158413055711875,0.12463152325833333
red4,3,lite,512,16,0.5,5,10,10,0,0.0,0.0,0.0,0.17476294675419402,0.12477517731666665
red4,3,lite,512,0,0.5,5,10,10,0,0.0,0.0,0.0,0.18968818380743982,0.12700129838333335
