channel,lane,phase,start_index,algorithm_id,nfft,cp,code_rate,outer_spacing,inner_spacing,check_degree,horizon,seed,frames,frame_blocks,payload_bits_per_frame,successful_frames,psr,payload_bits,bit_errors,ber,decode_failures,decode_seconds,effective_rate_bps
red1,1,confirm,0,standard,2048,0,0.5,3,3,8,4,6,60,4,3610,0,0.0,216600,64214,0.2964635272391505,0,0.11875945404999998,0.0
red1,1,confirm,0,lite,2048,0,0.5,3,3,8,4,6,60,4,3610,38,0.6333333333333333,216600,743,0.003430286241920591,0,0.19480142836666664,1786.1979166666667
red1,1,confirm,0,adaptive_lite,2048,0,0.5,3,3,8,4,6,60,4,3610,38,0.6333333333333333,216600,743,0.003430286241920591,0,0.2932323149166666,1786.1979166666667
red1,1,confirm,0,standard,2048,0,0.5,3,3,8,4,7,60,4,3610,0,0.0,216600,64361,0.2971421975992613,0,0.14188796043333332,0.0
red1,1,confirm,0,lite,2048,0,0.5,3,3,8,4,7,60,4,3610,40,0.6666666666666666,216600,34,0.00015697137580794092,0,0.19425033291666663,1880.2083333333335
red1,1,confirm,0,adaptive_lite,2048,0,0.5,3,3,8,4,7,60,4,3610,40,0.6666666666666666,216600,34,0.00015697137580794092,0,0.2776060971,1880.2083333333335
red1,1,confirm,0,standard,2048,0,0.5,3,4,8,4,6,60,4,4064,1,0.016666666666666666,243840,69089,0.2833374343832021,0,0.13563385774999998,52.91666666666667
red1,1,confirm,0,lite,2048,0,0.5,3,4,8,4,6,60,4,4064,36,0.6,243840,2284,0.009366797900262467,0,0.20409273813333337,1905.0
red1,1,confirm,0,adaptive_lite,2048,0,0.5,3,4,8,4,6,60,4,4064,36,0.6,243840,2284,0.009366797900262467,0,0.2834800494,1905.0
red1,1,confirm,0,standard,2048,0,0.5,3,4,8,4,7,60,4,4064,1,0.016666666666666666,243840,69431,0.2847399934383202,0,0.12955162011666665,52.91666666666667
red1,1,confirm,0,lite,2048,0,0.5,3,4,8,4,7,60,4,4064,31,0.5166666666666667,243840,1743,0.007148129921259842,0,0.21279618986666665,1640.4166666666667
red1,1,confirm,0,adaptive_lite,2048,0,0.5,3,4,8,4,7,60,4,4064,31,0.5166666666666667,243840,1743,0.007148129921259842,0,0.28116652756666666,1640.4166666666667
red1,1,confirm,0,standard,512,16,0.5,3,4,10,0,6,60,10,2504,46,0.7666666666666667,150240,1001,0.006662673056443025,0,0.09486528218333333,1965.5972696245733
red1,1,confirm,0,lite,512,16,0.5,3,4,10,0,6,60,10,2504,13,0.21666666666666667,150240,21323,0.1419262513312034,0,0.163305858,555.494880546075
red1,1,confirm,0,adaptive_lite,512,16,0.5,3,4,10,0,6,60,10,2504,46,0.7666666666666667,150240,1001,0.006662673056443025,0,0.1384789018166667,1965.5972696245733
red1,1,confirm,0,standard,512,16,0.5,3,4,10,0,7,60,10,2504,44,0.7333333333333333,150240,337,0.0022430777422790204,0,0.08758903401666666,1880.136518771331
red1,1,confirm,0,lite,512,16,0.5,3,4,10,0,7,60,10,2504,13,0.21666666666666667,150240,21807,0.14514776357827475,0,0.14584604446666669,555.494880546075
red1,1,confirm,0,adaptive_lite,512,16,0.5,3,4,10,0,7,60,10,2504,44,0.7333333333333333,150240,337,0.0022430777422790204,0,0.11716500616666668,1880.136518771331
red1,1,confirm,0,standard,1024,16,0.5,5,10,10,0,6,60,5,3656,3,0.05,219360,34550,0.1575036469730124,0,0.09123668735000003,188.77796901893288
red1,1,confirm,0,lite,1024,16,0.5,5,10,10,0,6,60,5,3656,5,0.08333333333333333,219360,33617,0.15325036469730124,0,0.16770858959999999,314.6299483648881
red1,1,confirm,0,adaptive_lite,1024,16,0.5,5,10,10,0,6,60,5,3656,7,0.11666666666666667,219360,29599,0.1349334427425237,0,0.2210344239833334,440.48192771084337
red1,1,confirm,0,standard,1024,16,0.5,5,10,10,0,7,60,5,3656,5,0.08333333333333333,219360,34026,0.1551148796498906,0,0.09041217225,314.6299483648881
red1,1,confirm,0,lite,1024,16,0.5,5,10,10,0,7,60,5,3656,8,0.13333333333333333,219360,34392,0.15678336980306345,0,0.16062319908333336,503.407917383821
red1,1,confirm,0,adaptive_lite,1024,16,0.5,5,10,10,0,7,60,5,3656,11,0.18333333333333332,219360,30017,0.13683898614150256,0,0.20200967823333332,692.1858864027539
red1,2,confirm,0,standard,2048,64,0.5,3,5,8,4,6,60,4,4336,0,0.0,260160,78771,0.3027790590405904,0,0.13080072964999995,0.0
red1,2,confirm,0,lite,2048,64,0.5,3,5,8,4,6,60,4,4336,35,0.5833333333333334,260160,2534,0.009740159901599016,0,0.20391669221666667,1935.7142857142856
red1,2,confirm,0,adaptive_lite,2048,64,0.5,3,5,8,4,6,60,4,4336,35,0.5833333333333334,260160,2534,0.009740159901599016,0,0.29964949288333337,1935.7142857142856
red1,2,confirm,0,standard,2048,64,0.5,3,5,8,4,7,60,4,4336,0,0.0,260160,78275,0.30087253997539976,0,0.1310113547,0.0
red1,2,confirm,0,lite,2048,64,0.5,3,5,8,4,7,60,4,4336,28,0.4666666666666667,260160,3112,0.011961869618696186,0,0.20754559521666663,1548.5714285714284
red1,2,confirm,0,adaptive_lite,2048,64,0.5,3,5,8,4,7,60,4,4336,28,0.4666666666666667,260160,3112,0.011961869618696186,0,0.2884207829833333,1548.5714285714284
red1,2,confirm,0,standard,2048,64,0.5,3,4,8,4,6,60,4,4064,0,0.0,243840,67700,0.27764107611548555,0,0.13755321271666668,0.0
red1,2,confirm,0,lite,2048,64,0.5,3,4,8,4,6,60,4,4064,37,0.6166666666666667,243840,2050,0.008407152230971129,0,0.19965586650000003,1917.9591836734692
red1,2,confirm,0,adaptive_lite,2048,64,0.5,3,4,8,4,6,60,4,4064,37,0.6166666666666667,243840,2050,0.008407152230971129,0,0.28313565035000005,1917.9591836734692
red1,2,confirm,0,standard,2048,64,0.5,3,4,8,4,7,60,4,4064,0,0.0,243840,67554,0.2770423228346457,0,0.13270310266666668,0.0
red1,2,confirm,0,lite,2048,64,0.5,3,4,8,4,7,60,4,4064,40,0.6666666666666666,243840,1109,0.004548064304461942,0,0.2001231723666667,2073.4693877551017
red1,2,confirm,0,adaptive_lite,2048,64,0.5,3,4,8,4,7,60,4,4064,40,0.6666666666666666,243840,1109,0.004548064304461942,0,0.30680196928333336,2073.4693877551017
red1,2,confirm,0,standard,2048,0,0.5,3,4,8,4,6,60,4,4064,0,0.0,243840,67428,0.2765255905511811,0,0.12994439266666666,0.0
red1,2,confirm,0,lite,2048,0,0.5,3,4,8,4,6,60,4,4064,37,0.6166666666666667,243840,2653,0.01088008530183727,0,0.19049898758333328,1957.9166666666667
red1,2,confirm,0,adaptive_lite,2048,0,0.5,3,4,8,4,6,60,4,4064,37,0.6166666666666667,243840,2653,0.01088008530183727,0,0.30769620908333334,1957.9166666666667
red1,2,confirm,0,standard,2048,0,0.5,3,4,8,4,7,60,4,4064,0,0.0,243840,67357,0.2762344160104987,0,0.12013335001666667,0.0
red1,2,confirm,0,lite,2048,0,0.5,3,4,8,4,7,60,4,4064,36,0.6,243840,1973,0.008091371391076116,0,0.18846476943333326,1905.0
red1,2,confirm,0,adaptive_lite,2048,0,0.5,3,4,8,4,7,60,4,4064,36,0.6,243840,1973,0.008091371391076116,0,0.2777157629333333,1905.0
red1,2,confirm,0,standard,1024,16,0.5,5,10,10,0,6,60,5,3656,3,0.05,219360,35049,0.15977844638949673,0,0.09135940793333333,188.77796901893288
red1,2,confirm,0,lite,1024,16,0.5,5,10,10,0,6,60,5,3656,1,0.016666666666666666,219360,36280,0.16539022611232676,0,0.16573771906666668,62.92598967297762
red1,2,confirm,0,adaptive_lite,1024,16,0.5,5,10,10,0,6,60,5,3656,3,0.05,219360,32330,0.1473832968636032,0,0.22909809078333335,188.77796901893288
red1,2,confirm,0,standard,1024,16,0.5,5,10,10,0,7,60,5,3656,3,0.05,219360,34875,0.15898522975929977,0,0.09477592430000001,188.77796901893288
red1,2,confirm,0,lite,1024,16,0.5,5,10,10,0,7,60,5,3656,0,0.0,219360,36340,0.16566374908825673,0,0.1650532838833333,0.0
red1,2,confirm,0,adaptive_lite,1024,16,0.5,5,10,10,0,7,60,5,3656,3,0.05,219360,31923,0.14552789934354485,0,0.21376524778333333,188.77796901893288
red1,3,confirm,0,standard,2048,128,0.5,5,10,8,4,6,60,4,5859,0,0.0,351540,109880,0.31256755987938784,0,0.055649942966666685,0.0
red1,3,confirm,0,lite,2048,128,0.5,5,10,8,4,6,60,4,5859,50,0.8333333333333334,351540,1118,0.0031802924276042558,0,0.08127097981666667,3661.875
red1,3,confirm,0,adaptive_lite,2048,128,0.5,5,10,8,4,6,60,4,5859,50,0.8333333333333334,351540,1118,0.0031802924276042558,0,0.11752266653333333,3661.875
red1,3,confirm,0,standard,2048,128,0.5,5,10,8,4,7,60,4,5859,0,0.0,351540,109843,0.3124623086988678,0,0.05636075606666666,0.0
red1,3,confirm,0,lite,2048,128,0.5,5,10,8,4,7,60,4,5859,49,0.8166666666666667,351540,1531,0.004355123172327473,0,0.08014498521666666,3588.6375
red1,3,confirm,0,adaptive_lite,2048,128,0.5,5,10,8,4,7,60,4,5859,49,0.8166666666666667,351540,1531,0.004355123172327473,0,0.11410370054999998,3588.6375
red1,3,confirm,0,standard,512,32,0.5,5,10,10,0,6,60,10,3656,56,0.9333333333333333,219360,5,2.2793581327498177e-5,0,0.03343557685000001,3435.1677852348994
red1,3,confirm,0,lite,512,32,0.5,5,10,10,0,6,60,10,3656,0,0.0,219360,41608,0.18967906637490883,0,0.07359066304999999,0.0
red1,3,confirm,0,adaptive_lite,512,32,0.5,5,10,10,0,6,60,10,3656,56,0.9333333333333333,219360,5,2.2793581327498177e-5,0,0.04143871041666667,3435.1677852348994
red1,3,confirm,0,standard,512,32,0.5,5,10,10,0,7,60,10,3656,57,0.95,219360,3,1.3676148796498906e-5,0,0.03408825359999999,3496.510067114094
red1,3,confirm,0,lite,512,32,0.5,5,10,10,0,7,60,10,3656,0,0.0,219360,41803,0.19056801604668125,0,0.07340712468333331,0.0
red1,3,confirm,0,adaptive_lite,512,32,0.5,5,10,10,0,7,60,10,3656,57,0.95,219360,3,1.3676148796498906e-5,0,0.04202537831666665,3496.510067114094
red1,3,confirm,0,standard,512,32,0.5,8,8,10,0,6,60,10,3834,44,0.7333333333333333,230040,4233,0.01840114762649974,0,0.03844550755000001,2830.469798657718
red1,3,confirm,0,lite,512,32,0.5,8,8,10,0,6,60,10,3834,0,0.0,230040,72171,0.3137323943661972,0,0.07236229591666667,0.0
red1,3,confirm,0,adaptive_lite,512,32,0.5,8,8,10,0,6,60,10,3834,29,0.48333333333333334,230040,21776,0.09466179794818293,0,0.07105474849999999,1865.5369127516778
red1,3,confirm,0,standard,512,32,0.5,8,8,10,0,7,60,10,3834,47,0.7833333333333333,230040,4390,0.019083637628238566,0,0.037173412966666666,3023.4563758389263
red1,3,confirm,0,lite,512,32,0.5,8,8,10,0,7,60,10,3834,0,0.0,230040,68299,0.2969005390366893,0,0.07367989215000001,0.0
red1,3,confirm,0,adaptive_lite,512,32,0.5,8,8,10,0,7,60,10,3834,25,0.4166666666666667,230040,27984,0.12164840897235263,0,0.07184160483333332,1608.221476510067
red1,3,confirm,0,standard,1024,16,0.5,5,10,10,0,6,60,5,3656,18,0.3,219360,22406,0.10214259664478482,0,0.037813076516666676,1132.6678141135972
red1,3,confirm,0,lite,1024,16,0.5,5,10,10,0,6,60,5,3656,44,0.7333333333333333,219360,3094,0.014104668125455872,0,0.06928936056666667,2768.7435456110156
red1,3,confirm,0,adaptive_lite,1024,16,0.5,5,10,10,0,6,60,5,3656,47,0.7833333333333333,219360,2992,0.013639679066374909,0,0.07162627611666668,2957.5215146299483
red1,3,confirm,0,standard,1024,16,0.5,5,10,10,0,7,60,5,3656,16,0.26666666666666666,219360,22068,0.10060175054704595,0,0.03687256003333332,1006.815834767642
red1,3,confirm,0,lite,1024,16,0.5,5,10,10,0,7,60,5,3656,44,0.7333333333333333,219360,4497,0.02050054704595186,0,0.06489991395,2768.7435456110156
red1,3,confirm,0,adaptive_lite,1024,16,0.5,5,10,10,0,7,60,5,3656,42,0.7,219360,4420,0.020149525893508387,0,0.07376974853333335,2642.89156626506
red2,1,confirm,0,standard,512,16,0.25,3,10,10,0,6,60,10,1496,46,0.7666666666666667,89760,20,0.0002228163992869875,0,0.07203681691666668,1174.334470989761
red2,1,confirm,0,lite,512,16,0.25,3,10,10,0,6,60,10,1496,26,0.43333333333333335,89760,416,0.004634581105169341,0,0.12527422963333334,663.7542662116041
red2,1,confirm,0,adaptive_lite,512,16,0.25,3,10,10,0,6,60,10,1496,46,0.7666666666666667,89760,21,0.0002339572192513369,0,0.11479707373333332,1174.334470989761
red2,1,confirm,0,standard,512,16,0.25,3,10,10,0,7,60,10,1496,48,0.8,89760,20,0.0002228163992869875,0,0.07092639323333334,1225.3924914675767
red2,1,confirm,0,lite,512,16,0.25,3,10,10,0,7,60,10,1496,24,0.4,89760,305,0.0033979500891265597,0,0.11690580173333334,612.6962457337884
red2,1,confirm,0,adaptive_lite,512,16,0.25,3,10,10,0,7,60,10,1496,46,0.7666666666666667,89760,24,0.00026737967914438503,0,0.11721208620000004,1174.334470989761
red2,1,confirm,0,standard,2048,64,0.25,3,10,10,4,6,60,4,2432,2,0.03333333333333333,145920,32146,0.22029879385964912,0,0.13671033305,62.04081632653061
red2,1,confirm,0,lite,2048,64,0.25,3,10,10,4,6,60,4,2432,39,0.65,145920,85,0.0005825109649122807,0,0.22893888776666665,1209.7959183673468
red2,1,confirm,0,adaptive_lite,2048,64,0.25,3,10,10,4,6,60,4,2432,39,0.65,145920,85,0.0005825109649122807,0,0.29689511825000003,1209.7959183673468
red2,1,confirm,0,standard,2048,64,0.25,3,10,10,4,7,60,4,2432,5,0.08333333333333333,145920,32271,0.22115542763157894,0,0.12698572958333332,155.1020408163265
red2,1,confirm,0,lite,2048,64,0.25,3,10,10,4,7,60,4,2432,41,0.6833333333333333,145920,156,0.0010690789473684211,0,0.22171889344999998,1271.8367346938774
red2,1,confirm,0,adaptive_lite,2048,64,0.25,3,10,10,4,7,60,4,2432,41,0.6833333333333333,145920,156,0.0010690789473684211,0,0.2917406116833334,1271.8367346938774
red2,1,confirm,0,standard,512,32,0.25,3,10,10,0,6,60,10,1496,54,0.9,89760,8,8.9126559714795e-5,0,0.08246976178333333,1355.4362416107383
red2,1,confirm,0,lite,512,32,0.25,3,10,10,0,6,60,10,1496,31,0.5166666666666667,89760,229,0.002551247771836007,0,0.11877542704999997,778.1208053691275
red2,1,confirm,0,adaptive_lite,512,32,0.25,3,10,10,0,6,60,10,1496,54,0.9,89760,8,8.9126559714795e-5,0,0.1056497965,1355.4362416107383
red2,1,confirm,0,standard,512,32,0.25,3,10,10,0,7,60,10,1496,48,0.8,89760,20,0.0002228163992869875,0,0.08859262218333333,1204.8322147651006
red2,1,confirm,0,lite,512,32,0.25,3,10,10,0,7,60,10,1496,29,0.48333333333333334,89760,246,0.0027406417112299467,0,0.12270371114999998,727.9194630872483
red2,1,confirm,0,adaptive_lite,512,32,0.25,3,10,10,0,7,60,10,1496,46,0.7666666666666667,89760,27,0.0003008021390374332,0,0.11959223113333334,1154.6308724832215
red2,1,confirm,0,standard,1024,64,0.5,5,10,10,0,6,60,5,3656,0,0.0,219360,38259,0.17441192560175053,0,0.09401335185000001,0.0
red2,1,confirm,0,lite,1024,64,0.5,5,10,10,0,6,60,5,3656,1,0.016666666666666666,219360,47274,0.21550875273522976,0,0.15775031161666667,61.34228187919463
red2,1,confirm,0,adaptive_lite,1024,64,0.5,5,10,10,0,6,60,5,3656,1,0.016666666666666666,219360,39654,0.18077133479212254,0,0.20528350661666667,61.34228187919463
red2,1,confirm,0,standard,1024,64,0.5,5,10,10,0,7,60,5,3656,1,0.016666666666666666,219360,38220,0.17423413566739607,0,0.10531192019999999,61.34228187919463
red2,1,confirm,0,lite,1024,64,0.5,5,10,10,0,7,60,5,3656,1,0.016666666666666666,219360,46342,0.2112600291757841,0,0.16370955719999997,61.34228187919463
red2,1,confirm,0,adaptive_lite,1024,64,0.5,5,10,10,0,7,60,5,3656,2,0.03333333333333333,219360,38809,0.17691921954777534,0,0.20461855245000005,122.68456375838926
red2,2,confirm,0,standard,512,32,0.5,3,8,10,0,6,60,10,2924,36,0.6,175440,6899,0.039323985408116734,0,0.10276296675,1766.1744966442952
red2,2,confirm,0,lite,512,32,0.5,3,8,10,0,6,60,10,2924,0,0.0,175440,39010,0.22235522115823073,0,0.12493184445000001,0.0
red2,2,confirm,0,adaptive_lite,512,32,0.5,3,8,10,0,6,60,10,2924,36,0.6,175440,7469,0.04257295941632467,0,0.1409721933833333,1766.1744966442952
red2,2,confirm,0,standard,512,32,0.5,3,8,10,0,7,60,10,2924,38,0.6333333333333333,175440,6558,0.03738030095759234,0,0.08372588419999998,1864.2953020134228
red2,2,confirm,0,lite,512,32,0.5,3,8,10,0,7,60,10,2924,0,0.0,175440,38664,0.22038303693570452,0,0.14312839168333336,0.0
red2,2,confirm,0,adaptive_lite,512,32,0.5,3,8,10,0,7,60,10,2924,38,0.6333333333333333,175440,7588,0.04325125398996808,0,0.14072548909999996,1864.2953020134228
red2,2,confirm,0,standard,512,32,0.5,3,5,10,0,6,60,10,2672,47,0.7833333333333333,160320,3020,0.0188373253493014,0,0.07696522583333333,2107.1140939597317
red2,2,confirm,0,lite,512,32,0.5,3,5,10,0,6,60,10,2672,1,0.016666666666666666,160320,31927,0.19914545908183634,0,0.14569000518333333,44.83221476510067
red2,2,confirm,0,adaptive_lite,512,32,0.5,3,5,10,0,6,60,10,2672,47,0.7833333333333333,160320,3095,0.019305139720558882,0,0.12727690178333334,2107.1140939597317
red2,2,confirm,0,standard,512,32,0.5,3,5,10,0,7,60,10,2672,45,0.75,160320,3287,0.020502744510978044,0,0.08376480168333335,2017.4496644295302
red2,2,confirm,0,lite,512,32,0.5,3,5,10,0,7,60,10,2672,2,0.03333333333333333,160320,30996,0.1933383233532934,0,0.15421410601666666,89.66442953020135
red2,2,confirm,0,adaptive_lite,512,32,0.5,3,5,10,0,7,60,10,2672,45,0.75,160320,3473,0.021662924151696607,0,0.15510527686666667,2017.4496644295302
red2,2,confirm,0,standard,512,32,0.5,3,10,10,0,6,60,10,3008,37,0.6166666666666667,180480,7837,0.04342309397163121,0,0.08159871929999998,1867.3825503355704
red2,2,confirm,0,lite,512,32,0.5,3,10,10,0,6,60,10,3008,0,0.0,180480,37793,0.20940270390070923,0,0.13104689523333332,0.0
red2,2,confirm,0,adaptive_lite,512,32,0.5,3,10,10,0,6,60,10,3008,37,0.6166666666666667,180480,8887,0.04924091312056737,0,0.16231721365000001,1867.3825503355704
red2,2,confirm,0,standard,512,32,0.5,3,10,10,0,7,60,10,3008,37,0.6166666666666667,180480,6745,0.03737256205673759,0,0.08300400176666667,1867.3825503355704
red2,2,confirm,0,lite,512,32,0.5,3,10,10,0,7,60,10,3008,0,0.0,180480,38263,0.21200687056737588,0,0.14242378493333335,0.0
red2,2,confirm,0,adaptive_lite,512,32,0.5,3,10,10,0,7,60,10,3008,37,0.6166666666666667,180480,8006,0.04435948581560284,0,0.15784859914999996,1867.3825503355704
red2,2,confirm,0,standard,1024,64,0.5,5,10,10,0,6,60,5,3656,1,0.016666666666666666,219360,37127,0.16925145878920497,0,0.09323324680000002,61.34228187919463
red2,2,confirm,0,lite,1024,64,0.5,5,10,10,0,6,60,5,3656,0,0.0,219360,39325,0.17927151714077316,0,0.15797460330000002,0.0
red2,2,confirm,0,adaptive_lite,1024,64,0.5,5,10,10,0,6,60,5,3656,1,0.016666666666666666,219360,35196,0.16044857768052517,0,0.20780491869999992,61.34228187919463
red2,2,confirm,0,standard,1024,64,0.5,5,10,10,0,7,60,5,3656,1,0.016666666666666666,219360,37503,0.17096553610503282,0,0.09919388683333336,61.34228187919463
red2,2,confirm,0,lite,1024,64,0.5,5,10,10,0,7,60,5,3656,0,0.0,219360,40531,0.1847693289569657,0,0.18093732813333338,0.0
red2,2,confirm,0,adaptive_lite,1024,64,0.5,5,10,10,0,7,60,5,3656,1,0.016666666666666666,219360,35932,0.1638037928519329,0,0.21010078348333336,61.34228187919463
red2,3,confirm,0,standard,512,32,0.5,3,8,10,0,6,60,10,2924,51,0.85,175440,2294,0.013075695394436844,0,0.08577699528333334,2502.0805369127515
red2,3,confirm,0,lite,512,32,0.5,3,8,10,0,6,60,10,2924,1,0.016666666666666666,175440,33780,0.19254445964432285,0,0.1720728885166666,49.060402684563755
red2,3,confirm,0,adaptive_lite,512,32,0.5,3,8,10,0,6,60,10,2924,51,0.85,175440,2511,0.014312585499316006,0,0.11458898163333332,2502.0805369127515
red2,3,confirm,0,standard,512,32,0.5,3,8,10,0,7,60,10,2924,47,0.7833333333333333,175440,2813,0.016033971728226175,0,0.07716105453333336,2305.8389261744965
red2,3,confirm,0,lite,512,32,0.5,3,8,10,0,7,60,10,2924,0,0.0,175440,33751,0.19237916096671226,0,0.14916148125,0.0
red2,3,confirm,0,adaptive_lite,512,32,0.5,3,8,10,0,7,60,10,2924,47,0.7833333333333333,175440,3044,0.017350661194710442,0,0.11773019493333334,2305.8389261744965
red2,3,confirm,0,standard,512,32,0.5,5,5,10,0,6,60,10,3248,45,0.75,194880,4407,0.022613916256157635,0,0.09548177913333335,2452.3489932885905
red2,3,confirm,0,lite,512,32,0.5,5,5,10,0,6,60,10,3248,1,0.016666666666666666,194880,40555,0.20810242200328408,0,0.15118207178333337,54.49664429530201
red2,3,confirm,0,adaptive_lite,512,32,0.5,5,5,10,0,6,60,10,3248,45,0.75,194880,4722,0.024230295566502462,0,0.14905639804999998,2452.3489932885905
red2,3,confirm,0,standard,512,32,0.5,5,5,10,0,7,60,10,3248,43,0.7166666666666667,194880,4546,0.023327175697865354,0,0.09769859634999996,2343.3557046979863
red2,3,confirm,0,lite,512,32,0.5,5,5,10,0,7,60,10,3248,1,0.016666666666666666,194880,39507,0.2027247536945813,0,0.16668679948333337,54.49664429530201
red2,3,confirm,0,adaptive_lite,512,32,0.5,5,5,10,0,7,60,10,3248,43,0.7166666666666667,194880,4546,0.023327175697865354,0,0.1482973617333333,2343.3557046979863
red2,3,confirm,0,standard,512,32,0.5,3,10,10,0,6,60,10,3008,46,0.7666666666666667,180480,2836,0.015713652482269504,0,0.08930403368333334,2321.6107382550335
red2,3,confirm,0,lite,512,32,0.5,3,10,10,0,6,60,10,3008,1,0.016666666666666666,180480,31327,0.1735760195035461,0,0.15024910445,50.46979865771812
red2,3,confirm,0,adaptive_lite,512,32,0.5,3,10,10,0,6,60,10,3008,46,0.7666666666666667,180480,2933,0.016251108156028368,0,0.12509450521666665,2321.6107382550335
red2,3,confirm,0,standard,512,32,0.5,3,10,10,0,7,60,10,3008,50,0.8333333333333334,180480,2551,0.014134530141843972,0,0.07956516815000002,2523.489932885906
red2,3,confirm,0,lite,512,32,0.5,3,10,10,0,7,60,10,3008,2,0.03333333333333333,180480,32894,0.1822584219858156,0,0.14766295736666668,100.93959731543625
red2,3,confirm,0,adaptive_lite,512,32,0.5,3,10,10,0,7,60,10,3008,50,0.8333333333333334,180480,2663,0.014755097517730496,0,0.1155235288,2523.489932885906
red2,3,confirm,0,standard,1024,64,0.5,5,10,10,0,6,60,5,3656,10,0.16666666666666666,219360,30689,0.1399024434719183,0,0.10941801118333332,613.4228187919463
red2,3,confirm,0,lite,1024,64,0.5,5,10,10,0,6,60,5,3656,2,0.03333333333333333,219360,33822,0.15418490153172867,0,0.17814290891666665,122.68456375838926
red2,3,confirm,0,adaptive_lite,1024,64,0.5,5,10,10,0,6,60,5,3656,11,0.18333333333333332,219360,25235,0.11503920495988329,0,0.18875291173333333,674.7651006711409
red2,3,confirm,0,standard,1024,64,0.5,5,10,10,0,7,60,5,3656,12,0.2,219360,30851,0.14064095550692926,0,0.09896644735000001,736.1073825503355
red2,3,confirm,0,lite,1024,64,0.5,5,10,10,0,7,60,5,3656,0,0.0,219360,34166,0.15575309992706055,0,0.16502162806666668,0.0
red2,3,confirm,0,adaptive_lite,1024,64,0.5,5,10,10,0,7,60,5,3656,12,0.2,219360,26086,0.11891867250182349,0,0.21456729734999996,736.1073825503355
red3,1,confirm,0,standard,512,32,0.5,3,10,8,0,6,60,10,3008,42,0.7,180480,99,0.0005485372340425532,0,0.08384469391666667,2119.731543624161
red3,1,confirm,0,lite,512,32,0.5,3,10,8,0,6,60,10,3008,0,0.0,180480,39513,0.21893284574468086,0,0.14239988583333332,0.0
red3,1,confirm,0,adaptive_lite,512,32,0.5,3,10,8,0,6,60,10,3008,42,0.7,180480,99,0.0005485372340425532,0,0.14259609163333328,2119.731543624161
red3,1,confirm,0,standard,512,32,0.5,3,10,8,0,7,60,10,3008,41,0.6833333333333333,180480,64,0.0003546099290780142,0,0.07495581498333333,2069.261744966443
red3,1,confirm,0,lite,512,32,0.5,3,10,8,0,7,60,10,3008,0,0.0,180480,39923,0.22120456560283688,0,0.13448902731666665,0.0
red3,1,confirm,0,adaptive_lite,512,32,0.5,3,10,8,0,7,60,10,3008,41,0.6833333333333333,180480,64,0.0003546099290780142,0,0.13920035213333332,2069.261744966443
red3,1,confirm,0,standard,512,32,0.5,3,10,10,0,6,60,10,3008,50,0.8333333333333334,180480,2010,0.011136968085106383,0,0.0859922915,2523.489932885906
red3,1,confirm,0,lite,512,32,0.5,3,10,10,0,6,60,10,3008,0,0.0,180480,41702,0.2310616134751773,0,0.13699464440000003,0.0
red3,1,confirm,0,adaptive_lite,512,32,0.5,3,10,10,0,6,60,10,3008,50,0.8333333333333334,180480,2341,0.012970966312056737,0,0.11411642046666667,2523.489932885906
red3,1,confirm,0,standard,512,32,0.5,3,10,10,0,7,60,10,3008,49,0.8166666666666667,180480,1644,0.009109042553191489,0,0.08916120254999998,2473.020134228188
red3,1,confirm,0,lite,512,32,0.5,3,10,10,0,7,60,10,3008,0,0.0,180480,41795,0.2315769060283688,0,0.13911368651666667,0.0
red3,1,confirm,0,adaptive_lite,512,32,0.5,3,10,10,0,7,60,10,3008,49,0.8166666666666667,180480,1644,0.009109042553191489,0,0.13141145375000005,2473.020134228188
red3,1,confirm,0,standard,512,32,0.5,3,8,8,0,6,60,10,2924,41,0.6833333333333333,175440,94,0.0005357957136342909,0,0.08849614188333331,2011.476510067114
red3,1,confirm,0,lite,512,32,0.5,3,8,8,0,6,60,10,2924,0,0.0,175440,40765,0.23235864113087096,0,0.12342533398333332,0.0
red3,1,confirm,0,adaptive_lite,512,32,0.5,3,8,8,0,6,60,10,2924,41,0.6833333333333333,175440,94,0.0005357957136342909,0,0.12467219491666666,2011.476510067114
red3,1,confirm,0,standard,512,32,0.5,3,8,8,0,7,60,10,2924,39,0.65,175440,137,0.0007808937528499772,0,0.0920968035,1913.3557046979865
red3,1,confirm,0,lite,512,32,0.5,3,8,8,0,7,60,10,2924,0,0.0,175440,41054,0.23400592795257638,0,0.12338215468333336,0.0
red3,1,confirm,0,adaptive_lite,512,32,0.5,3,8,8,0,7,60,10,2924,39,0.65,175440,137,0.0007808937528499772,0,0.13361760468333336,1913.3557046979865
red3,1,confirm,0,standard,1024,64,0.5,5,10,10,0,6,60,5,3656,4,0.06666666666666667,219360,24167,0.11017049598832969,0,0.10249256411666668,245.36912751677852
red3,1,confirm,0,lite,1024,64,0.5,5,10,10,0,6,60,5,3656,0,0.0,219360,44237,0.20166393143690736,0,0.15494641515000002,0.0
red3,1,confirm,0,adaptive_lite,1024,64,0.5,5,10,10,0,6,60,5,3656,4,0.06666666666666667,219360,25284,0.11526258205689278,0,0.19835588926666667,245.36912751677852
red3,1,confirm,0,standard,1024,64,0.5,5,10,10,0,7,60,5,3656,7,0.11666666666666667,219360,24096,0.10984682713347921,0,0.10171991715,429.3959731543624
red3,1,confirm,0,lite,1024,64,0.5,5,10,10,0,7,60,5,3656,0,0.0,219360,44698,0.2037654996353027,0,0.1863282612,0.0
red3,1,confirm,0,adaptive_lite,1024,64,0.5,5,10,10,0,7,60,5,3656,7,0.11666666666666667,219360,24946,0.1137217359591539,0,0.21688609418333332,429.3959731543624
red3,2,confirm,0,standard,512,16,0.5,5,10,10,0,6,60,10,3656,48,0.8,219360,2853,0.013006017505470459,0,0.08844633365000001,2994.6757679180887
red3,2,confirm,0,lite,512,16,0.5,5,10,10,0,6,60,10,3656,0,0.0,219360,48838,0.2226385849744712,0,0.16305057439999998,0.0
red3,2,confirm,0,adaptive_lite,512,16,0.5,5,10,10,0,6,60,10,3656,47,0.7833333333333333,219360,3423,0.015604485776805252,0,0.12772124498333337,2932.286689419795
red3,2,confirm,0,standard,512,16,0.5,5,10,10,0,7,60,10,3656,48,0.8,219360,2914,0.013284099197665938,0,0.10563633221666668,2994.6757679180887
red3,2,confirm,0,lite,512,16,0.5,5,10,10,0,7,60,10,3656,0,0.0,219360,49806,0.22705142231947484,0,0.1821938951,0.0
red3,2,confirm,0,adaptive_lite,512,16,0.5,5,10,10,0,7,60,10,3656,48,0.8,219360,3089,0.014081874544128374,0,0.1413803936,2994.6757679180887
red3,2,confirm,0,standard,512,32,0.5,5,10,10,0,6,60,10,3656,48,0.8,219360,2693,0.012276622902990518,0,0.08962730278333333,2944.429530201342
red3,2,confirm,0,lite,512,32,0.5,5,10,10,0,6,60,10,3656,0,0.0,219360,49111,0.2238831145149526,0,0.18821972774999998,0.0
red3,2,confirm,0,adaptive_lite,512,32,0.5,5,10,10,0,6,60,10,3656,48,0.8,219360,2693,0.012276622902990518,0,0.14657164749999999,2944.429530201342
red3,2,confirm,0,standard,512,32,0.5,5,10,10,0,7,60,10,3656,48,0.8,219360,2557,0.011656637490882568,0,0.09052481071666668,2944.429530201342
red3,2,confirm,0,lite,512,32,0.5,5,10,10,0,7,60,10,3656,0,0.0,219360,49157,0.22409281546316556,0,0.1861527198666667,0.0
red3,2,confirm,0,adaptive_lite,512,32,0.5,5,10,10,0,7,60,10,3656,48,0.8,219360,2557,0.011656637490882568,0,0.1193266659,2944.429530201342
red3,2,confirm,0,standard,512,16,0.5,5,8,10,0,6,60,10,3554,48,0.8,213240,2967,0.013913899831176139,0,0.08944390146666667,2911.126279863481
red3,2,confirm,0,lite,512,16,0.5,5,8,10,0,6,60,10,3554,0,0.0,213240,47480,0.2226599137122491,0,0.16835123475000005,0.0
red3,2,confirm,0,adaptive_lite,512,16,0.5,5,8,10,0,6,60,10,3554,48,0.8,213240,2967,0.013913899831176139,0,0.13582609808333332,2911.126279863481
red3,2,confirm,0,standard,512,16,0.5,5,8,10,0,7,60,10,3554,50,0.8333333333333334,213240,2514,0.011789532920652785,0,0.09572193321666665,3032.4232081911264
red3,2,confirm,0,lite,512,16,0.5,5,8,10,0,7,60,10,3554,0,0.0,213240,47779,0.2240620896642281,0,0.16766172991666667,0.0
red3,2,confirm,0,adaptive_lite,512,16,0.5,5,8,10,0,7,60,10,3554,50,0.8333333333333334,213240,2514,0.011789532920652785,0,0.15038607439999999,3032.4232081911264
red3,2,confirm,0,standard,1024,64,0.5,5,10,10,0,6,60,5,3656,18,0.3,219360,17444,0.07952224653537564,0,0.1037769543,1104.1610738255033
red3,2,confirm,0,lite,1024,64,0.5,5,10,10,0,6,60,5,3656,1,0.016666666666666666,219360,35746,0.16295587162654995,0,0.17819712425000003,61.34228187919463
red3,2,confirm,0,adaptive_lite,1024,64,0.5,5,10,10,0,6,60,5,3656,18,0.3,219360,17681,0.08060266229029905,0,0.2030080145166667,1104.1610738255033
red3,2,confirm,0,standard,1024,64,0.5,5,10,10,0,7,60,5,3656,18,0.3,219360,17598,0.08022428884026259,0,0.10280050621666664,1104.1610738255033
red3,2,confirm,0,lite,1024,64,0.5,5,10,10,0,7,60,5,3656,1,0.016666666666666666,219360,34671,0.15805525164113784,0,0.1701485160833333,61.34228187919463
red3,2,confirm,0,adaptive_lite,1024,64,0.5,5,10,10,0,7,60,5,3656,18,0.3,219360,17762,0.08097191830780452,0,0.1902709856166667,1104.1610738255033
red3,3,confirm,0,standard,512,16,0.5,5,10,8,0,6,60,10,3656,52,0.8666666666666667,219360,1060,0.004832239241429614,0,0.03814015486666667,3244.232081911263
red3,3,confirm,0,lite,512,16,0.5,5,10,8,0,6,60,10,3656,0,0.0,219360,46236,0.21077680525164114,0,0.07452196155,0.0
red3,3,confirm,0,adaptive_lite,512,16,0.5,5,10,8,0,6,60,10,3656,52,0.8666666666666667,219360,1568,0.007148067104303428,0,0.061765171800000004,3244.232081911263
red3,3,confirm,0,standard,512,16,0.5,5,10,8,0,7,60,10,3656,48,0.8,219360,1281,0.005839715536105032,0,0.04250898846666668,2994.6757679180887
red3,3,confirm,0,lite,512,16,0.5,5,10,8,0,7,60,10,3656,0,0.0,219360,45460,0.20723924142961342,0,0.0841236179,0.0
red3,3,confirm,0,adaptive_lite,512,16,0.5,5,10,8,0,7,60,10,3656,48,0.8,219360,1281,0.005839715536105032,0,0.06580676853333334,2994.6757679180887
red3,3,confirm,0,standard,512,16,0.5,5,10,10,0,6,60,10,3656,51,0.85,219360,2149,0.009796681254558716,0,0.04394674213333332,3181.843003412969
red3,3,confirm,0,lite,512,16,0.5,5,10,10,0,6,60,10,3656,0,0.0,219360,51169,0.23326495258935084,0,0.08775710519999999,0.0
red3,3,confirm,0,adaptive_lite,512,16,0.5,5,10,10,0,6,60,10,3656,51,0.85,219360,2561,0.011674872355944567,0,0.05880629343333333,3181.843003412969
red3,3,confirm,0,standard,512,16,0.5,5,10,10,0,7,60,10,3656,47,0.7833333333333333,219360,2896,0.013202042304886944,0,0.044139950933333325,2932.286689419795
red3,3,confirm,0,lite,512,16,0.5,5,10,10,0,7,60,10,3656,0,0.0,219360,51478,0.23467359591539022,0,0.08910642773333334,0.0
red3,3,confirm,0,adaptive_lite,512,16,0.5,5,10,10,0,7,60,10,3656,47,0.7833333333333333,219360,2896,0.013202042304886944,0,0.06268831054999999,2932.286689419795
red3,3,confirm,0,standard,512,0,0.5,5,10,10,0,6,60,10,3656,47,0.7833333333333333,219360,4927,0.022460795040116704,0,0.040825268233333344,2983.1944444444443
red3,3,confirm,0,lite,512,0,0.5,5,10,10,0,6,60,10,3656,0,0.0,219360,52344,0.2386214442013129,0,0.07840775663333334,0.0
red3,3,confirm,0,adaptive_lite,512,0,0.5,5,10,10,0,6,60,10,3656,47,0.7833333333333333,219360,5160,0.023522975929978117,0,0.06378207481666666,2983.1944444444443
red3,3,confirm,0,standard,512,0,0.5,5,10,10,0,7,60,10,3656,47,0.7833333333333333,219360,4199,0.019142049598832967,0,0.0451945954,2983.1944444444443
red3,3,confirm,0,lite,512,0,0.5,5,10,10,0,7,60,10,3656,0,0.0,219360,54218,0.24716447848285922,0,0.07976192768333336,0.0
red3,3,confirm,0,adaptive_lite,512,0,0.5,5,10,10,0,7,60,10,3656,47,0.7833333333333333,219360,4885,0.02226932895696572,0,0.06698130595,2983.1944444444443
red3,3,confirm,0,standard,1024,64,0.5,5,10,10,0,6,60,5,3656,31,0.5166666666666667,219360,12387,0.05646881838074398,0,0.04242632736666666,1901.6107382550335
red3,3,confirm,0,lite,1024,64,0.5,5,10,10,0,6,60,5,3656,2,0.03333333333333333,219360,38681,0.1763357038657914,0,0.08623119193333334,122.68456375838926
red3,3,confirm,0,adaptive_lite,1024,64,0.5,5,10,10,0,6,60,5,3656,31,0.5166666666666667,219360,12427,0.05665116703136397,0,0.0841308551,1901.6107382550335
red3,3,confirm,0,standard,1024,64,0.5,5,10,10,0,7,60,5,3656,29,0.48333333333333334,219360,12521,0.05707968636032093,0,0.0451887083,1778.9261744966443
red3,3,confirm,0,lite,1024,64,0.5,5,10,10,0,7,60,5,3656,0,0.0,219360,37763,0.17215080233406274,0,0.08458661153333333,0.0
red3,3,confirm,0,adaptive_lite,1024,64,0.5,5,10,10,0,7,60,5,3656,29,0.48333333333333334,219360,12884,0.0587345003646973,0,0.07787410445000001,1778.9261744966443
red4,1,confirm,0,standard,512,16,0.5,5,10,10,0,6,60,10,3656,59,0.9833333333333333,219360,1,4.558716265499635e-6,0,0.09364070980000003,3680.955631399317
red4,1,confirm,0,lite,512,16,0.5,5,10,10,0,6,60,10,3656,2,0.03333333333333333,219360,39644,0.18072574762946755,0,0.16262486416666663,124.77815699658703
red4,1,confirm,0,adaptive_lite,512,16,0.5,5,10,10,0,6,60,10,3656,58,0.9666666666666667,219360,223,0.0010165937272064187,0,0.10801505520000002,3618.566552901024
red4,1,confirm,0,standard,512,16,0.5,5,10,10,0,7,60,10,3656,57,0.95,219360,595,0.002712436177972283,0,0.08583428181666666,3556.1774744027302
red4,1,confirm,0,lite,512,16,0.5,5,10,10,0,7,60,10,3656,2,0.03333333333333333,219360,38529,0.17564277899343544,0,0.17925687480000002,124.77815699658703
red4,1,confirm,0,adaptive_lite,512,16,0.5,5,10,10,0,7,60,10,3656,57,0.95,219360,1019,0.004645331874544128,0,0.11291702131666666,3556.1774744027302
red4,1,confirm,0,standard,512,32,0.5,5,8,10,0,6,60,10,3554,58,0.9666666666666667,213240,161,0.0007550178202963796,0,0.08906643839999999,3458.5906040268455
red4,1,confirm,0,lite,512,32,0.5,5,8,10,0,6,60,10,3554,2,0.03333333333333333,213240,36330,0.17037141249296567,0,0.19194257223333336,119.26174496644295
red4,1,confirm,0,adaptive_lite,512,32,0.5,5,8,10,0,6,60,10,3554,58,0.9666666666666667,213240,161,0.0007550178202963796,0,0.09998417166666666,3458.5906040268455
red4,1,confirm,0,standard,512,32,0.5,5,8,10,0,7,60,10,3554,58,0.9666666666666667,213240,2,9.379103357719001e-6,0,0.08907094398333336,3458.5906040268455
red4,1,confirm,0,lite,512,32,0.5,5,8,10,0,7,60,10,3554,3,0.05,213240,34544,0.1619958731945226,0,0.18361185463333338,178.8926174496644
red4,1,confirm,0,adaptive_lite,512,32,0.5,5,8,10,0,7,60,10,3554,58,0.9666666666666667,213240,2,9.379103357719001e-6,0,0.09774635216666668,3458.5906040268455
red4,1,confirm,0,standard,512,16,0.5,5,10,8,0,6,60,10,3656,55,0.9166666666666666,219360,5,2.2793581327498177e-5,0,0.08193512153333332,3431.3993174061434
red4,1,confirm,0,lite,512,16,0.5,5,10,8,0,6,60,10,3656,4,0.06666666666666667,219360,24476,0.11157913931436908,0,0.17210133921666665,249.55631399317406
red4,1,confirm,0,adaptive_lite,512,16,0.5,5,10,8,0,6,60,10,3656,55,0.9166666666666666,219360,5,2.2793581327498177e-5,0,0.12204484643333333,3431.3993174061434
red4,1,confirm,0,standard,512,16,0.5,5,10,8,0,7,60,10,3656,55,0.9166666666666666,219360,8,3.646973012399708e-5,0,0.07668372230000002,3431.3993174061434
red4,1,confirm,0,lite,512,16,0.5,5,10,8,0,7,60,10,3656,6,0.1,219360,26001,0.11853118161925602,0,0.14946097428333333,374.3344709897611
red4,1,confirm,0,adaptive_lite,512,16,0.5,5,10,8,0,7,60,10,3656,55,0.9166666666666666,219360,11,5.014587892049599e-5,0,0.11192722064999998,3431.3993174061434
red4,1,confirm,0,standard,1024,16,0.5,5,10,10,0,6,60,5,3656,37,0.6166666666666667,219360,8515,0.038817469000729396,0,0.08958231239999999,2328.261617900172
red4,1,confirm,0,lite,1024,16,0.5,5,10,10,0,6,60,5,3656,9,0.15,219360,26591,0.1212208242159008,0,0.16149079159999996,566.3339070567986
red4,1,confirm,0,adaptive_lite,1024,16,0.5,5,10,10,0,6,60,5,3656,37,0.6166666666666667,219360,8646,0.039414660831509844,0,0.15484615608333338,2328.261617900172
red4,1,confirm,0,standard,1024,16,0.5,5,10,10,0,7,60,5,3656,35,0.5833333333333334,219360,8694,0.03963347921225383,0,0.07779619703333332,2202.4096385542166
red4,1,confirm,0,lite,1024,16,0.5,5,10,10,0,7,60,5,3656,9,0.15,219360,26796,0.12215536105032823,0,0.16209881011666663,566.3339070567986
red4,1,confirm,0,adaptive_lite,1024,16,0.5,5,10,10,0,7,60,5,3656,35,0.5833333333333334,219360,8789,0.04006655725747629,0,0.14706268675000003,2202.4096385542166
red4,2,confirm,0,standard,512,0,0.5,5,10,10,0,6,60,10,3656,52,0.8666666666666667,219360,2143,0.00976932895696572,0,0.07997938628333333,3300.5555555555557
red4,2,confirm,0,lite,512,0,0.5,5,10,10,0,6,60,10,3656,0,0.0,219360,44477,0.20275802334062729,0,0.19652121013333337,0.0
red4,2,confirm,0,adaptive_lite,512,0,0.5,5,10,10,0,6,60,10,3656,52,0.8666666666666667,219360,2143,0.00976932895696572,0,0.1383009596166667,3300.5555555555557
red4,2,confirm,0,standard,512,0,0.5,5,10,10,0,7,60,10,3656,48,0.8,219360,1530,0.006974835886214442,0,0.09916623791666666,3046.6666666666665
red4,2,confirm,0,lite,512,0,0.5,5,10,10,0,7,60,10,3656,1,0.016666666666666666,219360,42354,0.19307986870897156,0,0.18432801980000002,63.47222222222222
red4,2,confirm,0,adaptive_lite,512,0,0.5,5,10,10,0,7,60,10,3656,48,0.8,219360,1932,0.008807439824945295,0,0.14755177208333337,3046.6666666666665
red4,2,confirm,0,standard,512,0,0.5,5,10,8,0,6,60,10,3656,44,0.7333333333333333,219360,27,0.00012308533916849016,0,0.08579761076666667,2792.777777777778
red4,2,confirm,0,lite,512,0,0.5,5,10,8,0,6,60,10,3656,2,0.03333333333333333,219360,33604,0.15319110138584974,0,0.15579175668333337,126.94444444444444
red4,2,confirm,0,adaptive_lite,512,0,0.5,5,10,8,0,6,60,10,3656,44,0.7333333333333333,219360,27,0.00012308533916849016,0,0.14696716105,2792.777777777778
red4,2,confirm,0,standard,512,0,0.5,5,10,8,0,7,60,10,3656,43,0.7166666666666667,219360,62,0.0002826404084609774,0,0.07704568603333331,2729.3055555555557
red4,2,confirm,0,lite,512,0,0.5,5,10,8,0,7,60,10,3656,2,0.03333333333333333,219360,34415,0.15688822027716995,0,0.14600903480000005,126.94444444444444
red4,2,confirm,0,adaptive_lite,512,0,0.5,5,10,8,0,7,60,10,3656,43,0.7166666666666667,219360,62,0.0002826404084609774,0,0.13570194595,2729.3055555555557
red4,2,confirm,0,standard,512,64,0.5,5,10,10,0,6,60,9,3288,53,0.8833333333333333,197280,566,0.0028690186536901867,0,0.08517105548333335,3004.551724137931
red4,2,confirm,0,lite,512,64,0.5,5,10,10,0,6,60,9,3288,1,0.016666666666666666,197280,37774,0.19147404703974047,0,0.16045503334999997,56.689655172413794
red4,2,confirm,0,adaptive_lite,512,64,0.5,5,10,10,0,6,60,9,3288,52,0.8666666666666667,197280,1080,0.005474452554744526,0,0.12338476498333335,2947.862068965517
red4,2,confirm,0,standard,512,64,0.5,5,10,10,0,7,60,9,3288,56,0.9333333333333333,197280,508,0.002575020275750203,0,0.08136011198333333,3174.6206896551726
red4,2,confirm,0,lite,512,64,0.5,5,10,10,0,7,60,9,3288,1,0.016666666666666666,197280,37900,0.19211273317112734,0,0.14483084106666666,56.689655172413794
red4,2,confirm,0,adaptive_lite,512,64,0.5,5,10,10,0,7,60,9,3288,56,0.9333333333333333,197280,508,0.002575020275750203,0,0.10599590680000001,3174.6206896551726
red4,2,confirm,0,standard,1024,16,0.5,5,10,10,0,6,60,5,3656,34,0.5666666666666667,219360,9838,0.044848650619985414,0,0.08353741816666667,2139.4836488812393
red4,2,confirm,0,lite,1024,16,0.5,5,10,10,0,6,60,5,3656,8,0.13333333333333333,219360,25840,0.11779722830051058,0,0.17890218475,503.407917383821
red4,2,confirm,0,adaptive_lite,1024,16,0.5,5,10,10,0,6,60,5,3656,34,0.5666666666666667,219360,9906,0.04515864332603939,0,0.14386385118333334,2139.4836488812393
red4,2,confirm,0,standard,1024,16,0.5,5,10,10,0,7,60,5,3656,35,0.5833333333333334,219360,9648,0.043982494529540485,0,0.07986479216666667,2202.4096385542166
red4,2,confirm,0,lite,1024,16,0.5,5,10,10,0,7,60,5,3656,12,0.2,219360,26344,0.1200948212983224,0,0.15131860691666665,755.1118760757315
red4,2,confirm,0,adaptive_lite,1024,16,0.5,5,10,10,0,7,60,5,3656,35,0.5833333333333334,219360,9907,0.04516320204230489,0,0.15294118559999997,2202.4096385542166
red4,3,confirm,0,standard,512,0,0.5,5,10,10,0,6,60,10,3656,54,0.9,219360,957,0.004362691466083151,0,0.06573616053333332,3427.5
red4,3,confirm,0,lite,512,0,0.5,5,10,10,0,6,60,10,3656,0,0.0,219360,42116,0.19199489423778265,0,0.12714461738333335,0.0
red4,3,confirm,0,adaptive_lite,512,0,0.5,5,10,10,0,6,60,10,3656,53,0.8833333333333333,219360,962,0.004385485047410649,0,0.09428624491666668,3364.027777777778
red4,3,confirm,0,standard,512,0,0.5,5,10,10,0,7,60,10,3656,58,0.9666666666666667,219360,256,0.0011670313639679066,0,0.06275662708333335,3681.3888888888887
red4,3,confirm,0,lite,512,0,0.5,5,10,10,0,7,60,10,3656,0,0.0,219360,41104,0.187381473377097,0,0.12685797938333335,0.0
red4,3,confirm,0,adaptive_lite,512,0,0.5,5,10,10,0,7,60,10,3656,57,0.95,219360,257,0.0011715900802334062,0,0.09013572824999999,3617.9166666666665
red4,3,confirm,0,standard,512,16,0.5,5,10,10,0,6,60,10,3656,59,0.9833333333333333,219360,502,0.002288475565280817,0,0.06729329803333334,3680.955631399317
red4,3,confirm,0,lite,512,16,0.5,5,10,10,0,6,60,10,3656,0,0.0,219360,37193,0.16955233406272793,0,0.13160958255,0.0
red4,3,confirm,0,adaptive_lite,512,16,0.5,5,10,10,0,6,60,10,3656,59,0.9833333333333333,219360,502,0.002288475565280817,0,0.08413782485,3680.955631399317
red4,3,confirm,0,standard,512,16,0.5,5,10,10,0,7,60,10,3656,56,0.9333333333333333,219360,280,0.001276440554339898,0,0.05343296656666666,3493.7883959044366
red4,3,confirm,0,lite,512,16,0.5,5,10,10,0,7,60,10,3656,0,0.0,219360,39479,0.1799735594456601,0,0.1179407720833333,0.0
red4,3,confirm,0,adaptive_lite,512,16,0.5,5,10,10,0,7,60,10,3656,56,0.9333333333333333,219360,280,0.001276440554339898,0,0.06740537551666667,3493.7883959044366
red4,3,confirm,0,standard,512,0,0.5,5,8,10,0,6,60,10,3554,54,0.9,213240,1199,0.005622772462952542,0,0.060710796750000004,3331.875
red4,3,confirm,0,lite,512,0,0.5,5,8,10,0,6,60,10,3554,1,0.016666666666666666,213240,38576,0.18090414556368412,0,0.1302003876666667,61.701388888888886
red4,3,confirm,0,adaptive_lite,512,0,0.5,5,8,10,0,6,60,10,3554,54,0.9,213240,1199,0.005622772462952542,0,0.08014083229999999,3331.875
red4,3,confirm,0,standard,512,0,0.5,5,8,10,0,7,60,10,3554,56,0.9333333333333333,213240,8,3.7516413430876005e-5,0,0.060490440083333326,3455.277777777778
red4,3,confirm,0,lite,512,0,0.5,5,8,10,0,7,60,10,3554,2,0.03333333333333333,213240,38866,0.18226411555055336,0,0.11906265884999997,123.40277777777777
red4,3,confirm,0,adaptive_lite,512,0,0.5,5,8,10,0,7,60,10,3554,56,0.9333333333333333,213240,8,3.7516413430876005e-5,0,0.07614288945,3455.277777777778
red4,3,confirm,0,standard,1024,16,0.5,5,10,10,0,6,60,5,3656,30,0.5,219360,13946,0.06357585703865791,0,0.05915263298333333,1887.7796901893287
red4,3,confirm,0,lite,1024,16,0.5,5,10,10,0,6,60,5,3656,17,0.2833333333333333,219360,23967,0.10925875273522975,0,0.10941508623333333,1069.7418244406197
red4,3,confirm,0,adaptive_lite,1024,16,0.5,5,10,10,0,6,60,5,3656,31,0.5166666666666667,219360,14053,0.06406363967906638,0,0.10055434113333334,1950.7056798623064
red4,3,confirm,0,standard,1024,16,0.5,5,10,10,0,7,60,5,3656,32,0.5333333333333333,219360,13611,0.06204868708971554,0,0.07283220740000002,2013.631669535284
red4,3,confirm,0,lite,1024,16,0.5,5,10,10,0,7,60,5,3656,16,0.26666666666666666,219360,22910,0.10444018964259665,0,0.14475402663333334,1006.815834767642
red4,3,confirm,0,adaptive_lite,1024,16,0.5,5,10,10,0,7,60,5,3656,32,0.5333333333333333,219360,13566,0.06184354485776805,0,0.12562450673333334,2013.631669535284
