workload_id,snr_db,frame,algorithm_id,noise_model,capture_start_seconds,capture_stop_seconds,snapshot_index,snapshot_seconds,replay_support_end_seconds,frame_duration_seconds,bit_errors,success,decode_failure,selected_source,selection_reason,standard_crc_valid,rescue_executed,rescue_is_gradient,rescue_crc_valid,gradient_checkpoints,selected_iteration,optimized_variables,partial_fft_parts,partial_fft_bands
red4:lane2:snr0.0:seed4:frame1,0.0,1,cwz_joint,awgn,0.0,8.0,1,0.0,1.0355208333333332,0.9933333333333333,530,false,false,standard,standard_fallback,false,true,true,false,9,8,C+W+z,4,16
red4:lane2:snr0.0:seed4:frame2,0.0,2,cwz_joint,awgn,0.0,8.0,96,0.9895833333333334,2.0251041666666665,0.9933333333333333,573,false,false,standard,standard_fallback,false,true,true,false,9,8,C+W+z,4,16
red4:lane2:snr0.0:seed4:frame3,0.0,3,cwz_joint,awgn,0.0,8.0,190,1.96875,3.004270833333333,0.9933333333333333,623,false,false,standard,standard_fallback,false,true,true,false,9,8,C+W+z,4,16
red4:lane2:snr0.0:seed4:frame4,0.0,4,cwz_joint,awgn,0.0,8.0,285,2.9583333333333335,3.993854166666667,0.9933333333333333,567,false,false,standard,standard_fallback,false,true,true,false,9,8,C+W+z,4,16
red4:lane2:snr0.0:seed4:frame5,0.0,5,cwz_joint,awgn,0.0,8.0,385,4.0,5.035520833333333,0.9933333333333333,636,false,false,standard,standard_fallback,false,true,true,false,9,8,C+W+z,4,16
red4:lane2:snr0.0:seed4:frame6,0.0,6,cwz_joint,awgn,0.0,8.0,480,4.989583333333333,6.025104166666666,0.9933333333333333,560,false,false,standard,standard_fallback,false,true,true,false,9,8,C+W+z,4,16
red4:lane2:snr0.0:seed4:frame7,0.0,7,cwz_joint,awgn,0.0,8.0,574,5.96875,7.004270833333333,0.9933333333333333,619,false,false,standard,standard_fallback,false,true,true,false,9,8,C+W+z,4,16
red4:lane2:snr0.0:seed4:frame8,0.0,8,cwz_joint,awgn,0.0,8.0,669,6.958333333333333,7.993854166666666,0.9933333333333333,605,false,false,standard,standard_fallback,false,true,true,false,9,8,C+W+z,4,16
red4:lane2:snr0.0:seed4:frame1,0.0,1,profiled_cz,awgn,0.0,8.0,1,0.0,1.0355208333333332,0.9933333333333333,530,false,false,standard,standard_fallback,false,true,true,false,9,8,C+z,4,16
red4:lane2:snr0.0:seed4:frame2,0.0,2,profiled_cz,awgn,0.0,8.0,96,0.9895833333333334,2.0251041666666665,0.9933333333333333,573,false,false,standard,standard_fallback,false,true,true,false,9,1,C+z,4,16
red4:lane2:snr0.0:seed4:frame3,0.0,3,profiled_cz,awgn,0.0,8.0,190,1.96875,3.004270833333333,0.9933333333333333,623,false,false,standard,standard_fallback,false,true,true,false,9,1,C+z,4,16
red4:lane2:snr0.0:seed4:frame4,0.0,4,profiled_cz,awgn,0.0,8.0,285,2.9583333333333335,3.993854166666667,0.9933333333333333,567,false,false,standard,standard_fallback,false,true,true,false,9,1,C+z,4,16
red4:lane2:snr0.0:seed4:frame5,0.0,5,profiled_cz,awgn,0.0,8.0,385,4.0,5.035520833333333,0.9933333333333333,636,false,false,standard,standard_fallback,false,true,true,false,9,1,C+z,4,16
red4:lane2:snr0.0:seed4:frame6,0.0,6,profiled_cz,awgn,0.0,8.0,480,4.989583333333333,6.025104166666666,0.9933333333333333,560,false,false,standard,standard_fallback,false,true,true,false,9,1,C+z,4,16
red4:lane2:snr0.0:seed4:frame7,0.0,7,profiled_cz,awgn,0.0,8.0,574,5.96875,7.004270833333333,0.9933333333333333,619,false,false,standard,standard_fallback,false,true,true,false,9,5,C+z,4,16
red4:lane2:snr0.0:seed4:frame8,0.0,8,profiled_cz,awgn,0.0,8.0,669,6.958333333333333,7.993854166666666,0.9933333333333333,605,false,false,standard,standard_fallback,false,true,true,false,9,7,C+z,4,16
red4:lane2:snr2.0:seed4:frame1,2.0,1,cwz_joint,awgn,0.0,8.0,1,0.0,1.0355208333333332,0.9933333333333333,482,false,false,standard,standard_fallback,false,true,true,false,9,8,C+W+z,4,16
red4:lane2:snr2.0:seed4:frame2,2.0,2,cwz_joint,awgn,0.0,8.0,96,0.9895833333333334,2.0251041666666665,0.9933333333333333,472,false,false,standard,standard_fallback,false,true,true,false,9,8,C+W+z,4,16
red4:lane2:snr2.0:seed4:frame3,2.0,3,cwz_joint,awgn,0.0,8.0,190,1.96875,3.004270833333333,0.9933333333333333,522,false,false,standard,standard_fallback,false,true,true,false,9,8,C+W+z,4,16
red4:lane2:snr2.0:seed4:frame4,2.0,4,cwz_joint,awgn,0.0,8.0,285,2.9583333333333335,3.993854166666667,0.9933333333333333,535,false,false,standard,standard_fallback,false,true,true,false,9,8,C+W+z,4,16
red4:lane2:snr2.0:seed4:frame5,2.0,5,cwz_joint,awgn,0.0,8.0,385,4.0,5.035520833333333,0.9933333333333333,546,false,false,standard,standard_fallback,false,true,true,false,9,8,C+W+z,4,16
red4:lane2:snr2.0:seed4:frame6,2.0,6,cwz_joint,awgn,0.0,8.0,480,4.989583333333333,6.025104166666666,0.9933333333333333,506,false,false,standard,standard_fallback,false,true,true,false,9,8,C+W+z,4,16
red4:lane2:snr2.0:seed4:frame7,2.0,7,cwz_joint,awgn,0.0,8.0,574,5.96875,7.004270833333333,0.9933333333333333,544,false,false,standard,standard_fallback,false,true,true,false,9,8,C+W+z,4,16
red4:lane2:snr2.0:seed4:frame8,2.0,8,cwz_joint,awgn,0.0,8.0,669,6.958333333333333,7.993854166666666,0.9933333333333333,534,false,false,standard,standard_fallback,false,true,true,false,9,8,C+W+z,4,16
red4:lane2:snr2.0:seed4:frame1,2.0,1,profiled_cz,awgn,0.0,8.0,1,0.0,1.0355208333333332,0.9933333333333333,482,false,false,standard,standard_fallback,false,true,true,false,9,1,C+z,4,16
red4:lane2:snr2.0:seed4:frame2,2.0,2,profiled_cz,awgn,0.0,8.0,96,0.9895833333333334,2.0251041666666665,0.9933333333333333,472,false,false,standard,standard_fallback,false,true,true,false,9,3,C+z,4,16
red4:lane2:snr2.0:seed4:frame3,2.0,3,profiled_cz,awgn,0.0,8.0,190,1.96875,3.004270833333333,0.9933333333333333,522,false,false,standard,standard_fallback,false,true,true,false,9,2,C+z,4,16
red4:lane2:snr2.0:seed4:frame4,2.0,4,profiled_cz,awgn,0.0,8.0,285,2.9583333333333335,3.993854166666667,0.9933333333333333,535,false,false,standard,standard_fallback,false,true,true,false,9,3,C+z,4,16
red4:lane2:snr2.0:seed4:frame5,2.0,5,profiled_cz,awgn,0.0,8.0,385,4.0,5.035520833333333,0.9933333333333333,546,false,false,standard,standard_fallback,false,true,true,false,9,7,C+z,4,16
red4:lane2:snr2.0:seed4:frame6,2.0,6,profiled_cz,awgn,0.0,8.0,480,4.989583333333333,6.025104166666666,0.9933333333333333,506,false,false,standard,standard_fallback,false,true,true,false,9,5,C+z,4,16
red4:lane2:snr2.0:seed4:frame7,2.0,7,profiled_cz,awgn,0.0,8.0,574,5.96875,7.004270833333333,0.9933333333333333,544,false,false,standard,standard_fallback,false,true,true,false,9,2,C+z,4,16
red4:lane2:snr2.0:seed4:frame8,2.0,8,profiled_cz,awgn,0.0,8.0,669,6.958333333333333,7.993854166666666,0.9933333333333333,534,false,false,standard,standard_fallback,false,true,true,false,9,1,C+z,4,16
red4:lane2:snr4.0:seed4:frame1,4.0,1,cwz_joint,awgn,0.0,8.0,1,0.0,1.0355208333333332,0.9933333333333333,8,false,false,standard,standard_fallback,false,true,true,false,9,8,C+W+z,4,16
red4:lane2:snr4.0:seed4:frame2,4.0,2,cwz_joint,awgn,0.0,8.0,96,0.9895833333333334,2.0251041666666665,0.9933333333333333,396,false,false,standard,standard_fallback,false,true,true,false,9,8,C+W+z,4,16
red4:lane2:snr4.0:seed4:frame3,4.0,3,cwz_joint,awgn,0.0,8.0,190,1.96875,3.004270833333333,0.9933333333333333,434,false,false,standard,standard_fallback,false,true,true,false,9,8,C+W+z,4,16
red4:lane2:snr4.0:seed4:frame4,4.0,4,cwz_joint,awgn,0.0,8.0,285,2.9583333333333335,3.993854166666667,0.9933333333333333,405,false,false,standard,standard_fallback,false,true,true,false,9,8,C+W+z,4,16
red4:lane2:snr4.0:seed4:frame5,4.0,5,cwz_joint,awgn,0.0,8.0,385,4.0,5.035520833333333,0.9933333333333333,444,false,false,standard,standard_fallback,false,true,true,false,9,8,C+W+z,4,16
red4:lane2:snr4.0:seed4:frame6,4.0,6,cwz_joint,awgn,0.0,8.0,480,4.989583333333333,6.025104166666666,0.9933333333333333,456,false,false,standard,standard_fallback,false,true,true,false,9,8,C+W+z,4,16
red4:lane2:snr4.0:seed4:frame7,4.0,7,cwz_joint,awgn,0.0,8.0,574,5.96875,7.004270833333333,0.9933333333333333,467,false,false,standard,standard_fallback,false,true,true,false,9,8,C+W+z,4,16
red4:lane2:snr4.0:seed4:frame8,4.0,8,cwz_joint,awgn,0.0,8.0,669,6.958333333333333,7.993854166666666,0.9933333333333333,472,false,false,standard,standard_fallback,false,true,true,false,9,8,C+W+z,4,16
red4:lane2:snr4.0:seed4:frame1,4.0,1,profiled_cz,awgn,0.0,8.0,1,0.0,1.0355208333333332,0.9933333333333333,8,false,false,standard,standard_fallback,false,true,true,false,9,6,C+z,4,16
red4:lane2:snr4.0:seed4:frame2,4.0,2,profiled_cz,awgn,0.0,8.0,96,0.9895833333333334,2.0251041666666665,0.9933333333333333,396,false,false,standard,standard_fallback,false,true,true,false,9,5,C+z,4,16
red4:lane2:snr4.0:seed4:frame3,4.0,3,profiled_cz,awgn,0.0,8.0,190,1.96875,3.004270833333333,0.9933333333333333,434,false,false,standard,standard_fallback,false,true,true,false,9,6,C+z,4,16
red4:lane2:snr4.0:seed4:frame4,4.0,4,profiled_cz,awgn,0.0,8.0,285,2.9583333333333335,3.993854166666667,0.9933333333333333,405,false,false,standard,standard_fallback,false,true,true,false,9,7,C+z,4,16
red4:lane2:snr4.0:seed4:frame5,4.0,5,profiled_cz,awgn,0.0,8.0,385,4.0,5.035520833333333,0.9933333333333333,444,false,false,standard,standard_fallback,false,true,true,false,9,4,C+z,4,16
red4:lane2:snr4.0:seed4:frame6,4.0,6,profiled_cz,awgn,0.0,8.0,480,4.989583333333333,6.025104166666666,0.9933333333333333,456,false,false,standard,standard_fallback,false,true,true,false,9,1,C+z,4,16
red4:lane2:snr4.0:seed4:frame7,4.0,7,profiled_cz,awgn,0.0,8.0,574,5.96875,7.004270833333333,0.9933333333333333,467,false,false,standard,standard_fallback,false,true,true,false,9,8,C+z,4,16
red4:lane2:snr4.0:seed4:frame8,4.0,8,profiled_cz,awgn,0.0,8.0,669,6.958333333333333,7.993854166666666,0.9933333333333333,472,false,false,standard,standard_fallback,false,true,true,false,9,4,C+z,4,16
red4:lane2:snr6.0:seed4:frame1,6.0,1,cwz_joint,awgn,0.0,8.0,1,0.0,1.0355208333333332,0.9933333333333333,0,true,false,standard,standard_crc_valid,true,false,false,false,0,0,C+W+z,4,16
red4:lane2:snr6.0:seed4:frame2,6.0,2,cwz_joint,awgn,0.0,8.0,96,0.9895833333333334,2.0251041666666665,0.9933333333333333,0,true,false,standard,standard_crc_valid,true,false,false,false,0,0,C+W+z,4,16
red4:lane2:snr6.0:seed4:frame3,6.0,3,cwz_joint,awgn,0.0,8.0,190,1.96875,3.004270833333333,0.9933333333333333,3,false,false,standard,standard_fallback,false,true,true,false,9,8,C+W+z,4,16
red4:lane2:snr6.0:seed4:frame4,6.0,4,cwz_joint,awgn,0.0,8.0,285,2.9583333333333335,3.993854166666667,0.9933333333333333,4,false,false,standard,standard_fallback,false,true,true,false,9,8,C+W+z,4,16
red4:lane2:snr6.0:seed4:frame5,6.0,5,cwz_joint,awgn,0.0,8.0,385,4.0,5.035520833333333,0.9933333333333333,1,false,false,standard,standard_fallback,false,true,true,false,9,8,C+W+z,4,16
red4:lane2:snr6.0:seed4:frame6,6.0,6,cwz_joint,awgn,0.0,8.0,480,4.989583333333333,6.025104166666666,0.9933333333333333,1,false,false,standard,standard_fallback,false,true,true,false,9,8,C+W+z,4,16
red4:lane2:snr6.0:seed4:frame7,6.0,7,cwz_joint,awgn,0.0,8.0,574,5.96875,7.004270833333333,0.9933333333333333,257,false,false,standard,standard_fallback,false,true,true,false,9,8,C+W+z,4,16
red4:lane2:snr6.0:seed4:frame8,6.0,8,cwz_joint,awgn,0.0,8.0,669,6.958333333333333,7.993854166666666,0.9933333333333333,419,false,false,standard,standard_fallback,false,true,true,false,9,8,C+W+z,4,16
red4:lane2:snr6.0:seed4:frame1,6.0,1,profiled_cz,awgn,0.0,8.0,1,0.0,1.0355208333333332,0.9933333333333333,0,true,false,standard,standard_crc_valid,true,false,false,false,0,0,C+z,4,16
red4:lane2:snr6.0:seed4:frame2,6.0,2,profiled_cz,awgn,0.0,8.0,96,0.9895833333333334,2.0251041666666665,0.9933333333333333,0,true,false,standard,standard_crc_valid,true,false,false,false,0,0,C+z,4,16
red4:lane2:snr6.0:seed4:frame3,6.0,3,profiled_cz,awgn,0.0,8.0,190,1.96875,3.004270833333333,0.9933333333333333,3,false,false,standard,standard_fallback,false,true,true,false,9,7,C+z,4,16
red4:lane2:snr6.0:seed4:frame4,6.0,4,profiled_cz,awgn,0.0,8.0,285,2.9583333333333335,3.993854166666667,0.9933333333333333,4,false,false,standard,standard_fallback,false,true,true,false,9,1,C+z,4,16
red4:lane2:snr6.0:seed4:frame5,6.0,5,profiled_cz,awgn,0.0,8.0,385,4.0,5.035520833333333,0.9933333333333333,1,false,false,standard,standard_fallback,false,true,true,false,9,8,C+z,4,16
red4:lane2:snr6.0:seed4:frame6,6.0,6,profiled_cz,awgn,0.0,8.0,480,4.989583333333333,6.025104166666666,0.9933333333333333,1,false,false,standard,standard_fallback,false,true,true,false,9,3,C+z,4,16
red4:lane2:snr6.0:seed4:frame7,6.0,7,profiled_cz,awgn,0.0,8.0,574,5.96875,7.004270833333333,0.9933333333333333,257,false,false,standard,standard_fallback,false,true,true,false,9,1,C+z,4,16
red4:lane2:snr6.0:seed4:frame8,6.0,8,profiled_cz,awgn,0.0,8.0,669,6.958333333333333,7.993854166666666,0.9933333333333333,419,false,false,standard,standard_fallback,false,true,true,false,9,2,C+z,4,16
red4:lane2:snr8.0:seed4:frame1,8.0,1,cwz_joint,awgn,0.0,8.0,1,0.0,1.0355208333333332,0.9933333333333333,0,true,false,standard,standard_crc_valid,true,false,false,false,0,0,C+W+z,4,16
red4:lane2:snr8.0:seed4:frame2,8.0,2,cwz_joint,awgn,0.0,8.0,96,0.9895833333333334,2.0251041666666665,0.9933333333333333,0,true,false,standard,standard_crc_valid,true,false,false,false,0,0,C+W+z,4,16
red4:lane2:snr8.0:seed4:frame3,8.0,3,cwz_joint,awgn,0.0,8.0,190,1.96875,3.004270833333333,0.9933333333333333,2,false,false,standard,standard_fallback,false,true,true,false,9,8,C+W+z,4,16
red4:lane2:snr8.0:seed4:frame4,8.0,4,cwz_joint,awgn,0.0,8.0,285,2.9583333333333335,3.993854166666667,0.9933333333333333,2,false,false,standard,standard_fallback,false,true,true,false,9,8,C+W+z,4,16
red4:lane2:snr8.0:seed4:frame5,8.0,5,cwz_joint,awgn,0.0,8.0,385,4.0,5.035520833333333,0.9933333333333333,1,false,false,standard,standard_fallback,false,true,true,false,9,8,C+W+z,4,16
red4:lane2:snr8.0:seed4:frame6,8.0,6,cwz_joint,awgn,0.0,8.0,480,4.989583333333333,6.025104166666666,0.9933333333333333,0,true,false,standard,standard_crc_valid,true,false,false,false,0,0,C+W+z,4,16
red4:lane2:snr8.0:seed4:frame7,8.0,7,cwz_joint,awgn,0.0,8.0,574,5.96875,7.004270833333333,0.9933333333333333,1,false,false,standard,standard_fallback,false,true,true,false,9,8,C+W+z,4,16
red4:lane2:snr8.0:seed4:frame8,8.0,8,cwz_joint,awgn,0.0,8.0,669,6.958333333333333,7.993854166666666,0.9933333333333333,4,false,false,standard,standard_fallback,false,true,true,false,9,8,C+W+z,4,16
red4:lane2:snr8.0:seed4:frame1,8.0,1,profiled_cz,awgn,0.0,8.0,1,0.0,1.0355208333333332,0.9933333333333333,0,true,false,standard,standard_crc_valid,true,false,false,false,0,0,C+z,4,16
red4:lane2:snr8.0:seed4:frame2,8.0,2,profiled_cz,awgn,0.0,8.0,96,0.9895833333333334,2.0251041666666665,0.9933333333333333,0,true,false,standard,standard_crc_valid,true,false,false,false,0,0,C+z,4,16
red4:lane2:snr8.0:seed4:frame3,8.0,3,profiled_cz,awgn,0.0,8.0,190,1.96875,3.004270833333333,0.9933333333333333,2,false,false,standard,standard_fallback,false,true,true,false,9,1,C+z,4,16
red4:lane2:snr8.0:seed4:frame4,8.0,4,profiled_cz,awgn,0.0,8.0,285,2.9583333333333335,3.993854166666667,0.9933333333333333,2,false,false,standard,standard_fallback,false,true,true,false,9,1,C+z,4,16
red4:lane2:snr8.0:seed4:frame5,8.0,5,profiled_cz,awgn,0.0,8.0,385,4.0,5.035520833333333,0.9933333333333333,1,false,false,standard,standard_fallback,false,true,true,false,9,1,C+z,4,16
red4:lane2:snr8.0:seed4:frame6,8.0,6,profiled_cz,awgn,0.0,8.0,480,4.989583333333333,6.025104166666666,0.9933333333333333,0,true,false,standard,standard_crc_valid,true,false,false,false,0,0,C+z,4,16
red4:lane2:snr8.0:seed4:frame7,8.0,7,profiled_cz,awgn,0.0,8.0,574,5.96875,7.004270833333333,0.9933333333333333,1,false,false,standard,standard_fallback,false,true,true,false,9,1,C+z,4,16
red4:lane2:snr8.0:seed4:frame8,8.0,8,profiled_cz,awgn,0.0,8.0,669,6.958333333333333,7.993854166666666,0.9933333333333333,4,false,false,standard,standard_fallback,false,true,true,false,9,4,C+z,4,16
red4:lane2:snr10.0:seed4:frame1,10.0,1,cwz_joint,awgn,0.0,8.0,1,0.0,1.0355208333333332,0.9933333333333333,0,true,false,standard,standard_crc_valid,true,false,false,false,0,0,C+W+z,4,16
red4:lane2:snr10.0:seed4:frame2,10.0,2,cwz_joint,awgn,0.0,8.0,96,0.9895833333333334,2.0251041666666665,0.9933333333333333,0,true,false,standard,standard_crc_valid,true,false,false,false,0,0,C+W+z,4,16
red4:lane2:snr10.0:seed4:frame3,10.0,3,cwz_joint,awgn,0.0,8.0,190,1.96875,3.004270833333333,0.9933333333333333,0,true,false,gradient,crc_rescue,false,true,true,true,9,8,C+W+z,4,16
red4:lane2:snr10.0:seed4:frame4,10.0,4,cwz_joint,awgn,0.0,8.0,285,2.9583333333333335,3.993854166666667,0.9933333333333333,0,true,false,gradient,crc_rescue,false,true,true,true,9,8,C+W+z,4,16
red4:lane2:snr10.0:seed4:frame5,10.0,5,cwz_joint,awgn,0.0,8.0,385,4.0,5.035520833333333,0.9933333333333333,0,true,false,standard,standard_crc_valid,true,false,false,false,0,0,C+W+z,4,16
red4:lane2:snr10.0:seed4:frame6,10.0,6,cwz_joint,awgn,0.0,8.0,480,4.989583333333333,6.025104166666666,0.9933333333333333,0,true,false,standard,standard_crc_valid,true,false,false,false,0,0,C+W+z,4,16
red4:lane2:snr10.0:seed4:frame7,10.0,7,cwz_joint,awgn,0.0,8.0,574,5.96875,7.004270833333333,0.9933333333333333,0,true,false,standard,standard_crc_valid,true,false,false,false,0,0,C+W+z,4,16
red4:lane2:snr10.0:seed4:frame8,10.0,8,cwz_joint,awgn,0.0,8.0,669,6.958333333333333,7.993854166666666,0.9933333333333333,0,true,false,gradient,crc_rescue,false,true,true,true,9,8,C+W+z,4,16
red4:lane2:snr10.0:seed4:frame1,10.0,1,profiled_cz,awgn,0.0,8.0,1,0.0,1.0355208333333332,0.9933333333333333,0,true,false,standard,standard_crc_valid,true,false,false,false,0,0,C+z,4,16
red4:lane2:snr10.0:seed4:frame2,10.0,2,profiled_cz,awgn,0.0,8.0,96,0.9895833333333334,2.0251041666666665,0.9933333333333333,0,true,false,standard,standard_crc_valid,true,false,false,false,0,0,C+z,4,16
red4:lane2:snr10.0:seed4:frame3,10.0,3,profiled_cz,awgn,0.0,8.0,190,1.96875,3.004270833333333,0.9933333333333333,0,true,false,gradient,crc_rescue,false,true,true,true,9,1,C+z,4,16
red4:lane2:snr10.0:seed4:frame4,10.0,4,profiled_cz,awgn,0.0,8.0,285,2.9583333333333335,3.993854166666667,0.9933333333333333,0,true,false,gradient,crc_rescue,false,true,true,true,9,1,C+z,4,16
red4:lane2:snr10.0:seed4:frame5,10.0,5,profiled_cz,awgn,0.0,8.0,385,4.0,5.035520833333333,0.9933333333333333,0,true,false,standard,standard_crc_valid,true,false,false,false,0,0,C+z,4,16
red4:lane2:snr10.0:seed4:frame6,10.0,6,profiled_cz,awgn,0.0,8.0,480,4.989583333333333,6.025104166666666,0.9933333333333333,0,true,false,standard,standard_crc_valid,true,false,false,false,0,0,C+z,4,16
red4:lane2:snr10.0:seed4:frame7,10.0,7,profiled_cz,awgn,0.0,8.0,574,5.96875,7.004270833333333,0.9933333333333333,0,true,false,standard,standard_crc_valid,true,false,false,false,0,0,C+z,4,16
red4:lane2:snr10.0:seed4:frame8,10.0,8,profiled_cz,awgn,0.0,8.0,669,6.958333333333333,7.993854166666666,0.9933333333333333,0,true,false,gradient,crc_rescue,false,true,true,true,9,1,C+z,4,16
red4:lane2:snr12.0:seed4:frame1,12.0,1,cwz_joint,awgn,0.0,8.0,1,0.0,1.0355208333333332,0.9933333333333333,0,true,false,standard,standard_crc_valid,true,false,false,false,0,0,C+W+z,4,16
red4:lane2:snr12.0:seed4:frame2,12.0,2,cwz_joint,awgn,0.0,8.0,96,0.9895833333333334,2.0251041666666665,0.9933333333333333,0,true,false,standard,standard_crc_valid,true,false,false,false,0,0,C+W+z,4,16
red4:lane2:snr12.0:seed4:frame3,12.0,3,cwz_joint,awgn,0.0,8.0,190,1.96875,3.004270833333333,0.9933333333333333,0,true,false,standard,standard_crc_valid,true,false,false,false,0,0,C+W+z,4,16
red4:lane2:snr12.0:seed4:frame4,12.0,4,cwz_joint,awgn,0.0,8.0,285,2.9583333333333335,3.993854166666667,0.9933333333333333,0,true,false,standard,standard_crc_valid,true,false,false,false,0,0,C+W+z,4,16
red4:lane2:snr12.0:seed4:frame5,12.0,5,cwz_joint,awgn,0.0,8.0,385,4.0,5.035520833333333,0.9933333333333333,0,true,false,standard,standard_crc_valid,true,false,false,false,0,0,C+W+z,4,16
red4:lane2:snr12.0:seed4:frame6,12.0,6,cwz_joint,awgn,0.0,8.0,480,4.989583333333333,6.025104166666666,0.9933333333333333,0,true,false,standard,standard_crc_valid,true,false,false,false,0,0,C+W+z,4,16
red4:lane2:snr12.0:seed4:frame7,12.0,7,cwz_joint,awgn,0.0,8.0,574,5.96875,7.004270833333333,0.9933333333333333,0,true,false,standard,standard_crc_valid,true,false,false,false,0,0,C+W+z,4,16
red4:lane2:snr12.0:seed4:frame8,12.0,8,cwz_joint,awgn,0.0,8.0,669,6.958333333333333,7.993854166666666,0.9933333333333333,0,true,false,standard,standard_crc_valid,true,false,false,false,0,0,C+W+z,4,16
red4:lane2:snr12.0:seed4:frame1,12.0,1,profiled_cz,awgn,0.0,8.0,1,0.0,1.0355208333333332,0.9933333333333333,0,true,false,standard,standard_crc_valid,true,false,false,false,0,0,C+z,4,16
red4:lane2:snr12.0:seed4:frame2,12.0,2,profiled_cz,awgn,0.0,8.0,96,0.9895833333333334,2.0251041666666665,0.9933333333333333,0,true,false,standard,standard_crc_valid,true,false,false,false,0,0,C+z,4,16
red4:lane2:snr12.0:seed4:frame3,12.0,3,profiled_cz,awgn,0.0,8.0,190,1.96875,3.004270833333333,0.9933333333333333,0,true,false,standard,standard_crc_valid,true,false,false,false,0,0,C+z,4,16
red4:lane2:snr12.0:seed4:frame4,12.0,4,profiled_cz,awgn,0.0,8.0,285,2.9583333333333335,3.993854166666667,0.9933333333333333,0,true,false,standard,standard_crc_valid,true,false,false,false,0,0,C+z,4,16
red4:lane2:snr12.0:seed4:frame5,12.0,5,profiled_cz,awgn,0.0,8.0,385,4.0,5.035520833333333,0.9933333333333333,0,true,false,standard,standard_crc_valid,true,false,false,false,0,0,C+z,4,16
red4:lane2:snr12.0:seed4:frame6,12.0,6,profiled_cz,awgn,0.0,8.0,480,4.989583333333333,6.025104166666666,0.9933333333333333,0,true,false,standard,standard_crc_valid,true,false,false,false,0,0,C+z,4,16
red4:lane2:snr12.0:seed4:frame7,12.0,7,profiled_cz,awgn,0.0,8.0,574,5.96875,7.004270833333333,0.9933333333333333,0,true,false,standard,standard_crc_valid,true,false,false,false,0,0,C+z,4,16
red4:lane2:snr12.0:seed4:frame8,12.0,8,profiled_cz,awgn,0.0,8.0,669,6.958333333333333,7.993854166666666,0.9933333333333333,0,true,false,standard,standard_crc_valid,true,false,false,false,0,0,C+z,4,16
red4:lane2:snr14.0:seed4:frame1,14.0,1,cwz_joint,awgn,0.0,8.0,1,0.0,1.0355208333333332,0.9933333333333333,0,true,false,standard,standard_crc_valid,true,false,false,false,0,0,C+W+z,4,16
red4:lane2:snr14.0:seed4:frame2,14.0,2,cwz_joint,awgn,0.0,8.0,96,0.9895833333333334,2.0251041666666665,0.9933333333333333,0,true,false,standard,standard_crc_valid,true,false,false,false,0,0,C+W+z,4,16
red4:lane2:snr14.0:seed4:frame3,14.0,3,cwz_joint,awgn,0.0,8.0,190,1.96875,3.004270833333333,0.9933333333333333,0,true,false,standard,standard_crc_valid,true,false,false,false,0,0,C+W+z,4,16
red4:lane2:snr14.0:seed4:frame4,14.0,4,cwz_joint,awgn,0.0,8.0,285,2.9583333333333335,3.993854166666667,0.9933333333333333,0,true,false,standard,standard_crc_valid,true,false,false,false,0,0,C+W+z,4,16
red4:lane2:snr14.0:seed4:frame5,14.0,5,cwz_joint,awgn,0.0,8.0,385,4.0,5.035520833333333,0.9933333333333333,0,true,false,standard,standard_crc_valid,true,false,false,false,0,0,C+W+z,4,16
red4:lane2:snr14.0:seed4:frame6,14.0,6,cwz_joint,awgn,0.0,8.0,480,4.989583333333333,6.025104166666666,0.9933333333333333,0,true,false,standard,standard_crc_valid,true,false,false,false,0,0,C+W+z,4,16
red4:lane2:snr14.0:seed4:frame7,14.0,7,cwz_joint,awgn,0.0,8.0,574,5.96875,7.004270833333333,0.9933333333333333,0,true,false,standard,standard_crc_valid,true,false,false,false,0,0,C+W+z,4,16
red4:lane2:snr14.0:seed4:frame8,14.0,8,cwz_joint,awgn,0.0,8.0,669,6.958333333333333,7.993854166666666,0.9933333333333333,0,true,false,standard,standard_crc_valid,true,false,false,false,0,0,C+W+z,4,16
red4:lane2:snr14.0:seed4:frame1,14.0,1,profiled_cz,awgn,0.0,8.0,1,0.0,1.0355208333333332,0.9933333333333333,0,true,false,standard,standard_crc_valid,true,false,false,false,0,0,C+z,4,16
red4:lane2:snr14.0:seed4:frame2,14.0,2,profiled_cz,awgn,0.0,8.0,96,0.9895833333333334,2.0251041666666665,0.9933333333333333,0,true,false,standard,standard_crc_valid,true,false,false,false,0,0,C+z,4,16
red4:lane2:snr14.0:seed4:frame3,14.0,3,profiled_cz,awgn,0.0,8.0,190,1.96875,3.004270833333333,0.9933333333333333,0,true,false,standard,standard_crc_valid,true,false,false,false,0,0,C+z,4,16
red4:lane2:snr14.0:seed4:frame4,14.0,4,profiled_cz,awgn,0.0,8.0,285,2.9583333333333335,3.993854166666667,0.9933333333333333,0,true,false,standard,standard_crc_valid,true,false,false,false,0,0,C+z,4,16
red4:lane2:snr14.0:seed4:frame5,14.0,5,profiled_cz,awgn,0.0,8.0,385,4.0,5.035520833333333,0.9933333333333333,0,true,false,standard,standard_crc_valid,true,false,false,false,0,0,C+z,4,16
red4:lane2:snr14.0:seed4:frame6,14.0,6,profiled_cz,awgn,0.0,8.0,480,4.989583333333333,6.025104166666666,0.9933333333333333,0,true,false,standard,standard_crc_valid,true,false,false,false,0,0,C+z,4,16
red4:lane2:snr14.0:seed4:frame7,14.0,7,profiled_cz,awgn,0.0,8.0,574,5.96875,7.004270833333333,0.9933333333333333,0,true,false,standard,standard_crc_valid,true,false,false,false,0,0,C+z,4,16
red4:lane2:snr14.0:seed4:frame8,14.0,8,profiled_cz,awgn,0.0,8.0,669,6.958333333333333,7.993854166666666,0.9933333333333333,0,true,false,standard,standard_crc_valid,true,false,false,false,0,0,C+z,4,16
red4:lane2:snr16.0:seed4:frame1,16.0,1,cwz_joint,awgn,0.0,8.0,1,0.0,1.0355208333333332,0.9933333333333333,0,true,false,standard,standard_crc_valid,true,false,false,false,0,0,C+W+z,4,16
red4:lane2:snr16.0:seed4:frame2,16.0,2,cwz_joint,awgn,0.0,8.0,96,0.9895833333333334,2.0251041666666665,0.9933333333333333,0,true,false,standard,standard_crc_valid,true,false,false,false,0,0,C+W+z,4,16
red4:lane2:snr16.0:seed4:frame3,16.0,3,cwz_joint,awgn,0.0,8.0,190,1.96875,3.004270833333333,0.9933333333333333,0,true,false,standard,standard_crc_valid,true,false,false,false,0,0,C+W+z,4,16
red4:lane2:snr16.0:seed4:frame4,16.0,4,cwz_joint,awgn,0.0,8.0,285,2.9583333333333335,3.993854166666667,0.9933333333333333,0,true,false,standard,standard_crc_valid,true,false,false,false,0,0,C+W+z,4,16
red4:lane2:snr16.0:seed4:frame5,16.0,5,cwz_joint,awgn,0.0,8.0,385,4.0,5.035520833333333,0.9933333333333333,0,true,false,standard,standard_crc_valid,true,false,false,false,0,0,C+W+z,4,16
red4:lane2:snr16.0:seed4:frame6,16.0,6,cwz_joint,awgn,0.0,8.0,480,4.989583333333333,6.025104166666666,0.9933333333333333,0,true,false,standard,standard_crc_valid,true,false,false,false,0,0,C+W+z,4,16
red4:lane2:snr16.0:seed4:frame7,16.0,7,cwz_joint,awgn,0.0,8.0,574,5.96875,7.004270833333333,0.9933333333333333,0,true,false,standard,standard_crc_valid,true,false,false,false,0,0,C+W+z,4,16
red4:lane2:snr16.0:seed4:frame8,16.0,8,cwz_joint,awgn,0.0,8.0,669,6.958333333333333,7.993854166666666,0.9933333333333333,0,true,false,standard,standard_crc_valid,true,false,false,false,0,0,C+W+z,4,16
red4:lane2:snr16.0:seed4:frame1,16.0,1,profiled_cz,awgn,0.0,8.0,1,0.0,1.0355208333333332,0.9933333333333333,0,true,false,standard,standard_crc_valid,true,false,false,false,0,0,C+z,4,16
red4:lane2:snr16.0:seed4:frame2,16.0,2,profiled_cz,awgn,0.0,8.0,96,0.9895833333333334,2.0251041666666665,0.9933333333333333,0,true,false,standard,standard_crc_valid,true,false,false,false,0,0,C+z,4,16
red4:lane2:snr16.0:seed4:frame3,16.0,3,profiled_cz,awgn,0.0,8.0,190,1.96875,3.004270833333333,0.9933333333333333,0,true,false,standard,standard_crc_valid,true,false,false,false,0,0,C+z,4,16
red4:lane2:snr16.0:seed4:frame4,16.0,4,profiled_cz,awgn,0.0,8.0,285,2.9583333333333335,3.993854166666667,0.9933333333333333,0,true,false,standard,standard_crc_valid,true,false,false,false,0,0,C+z,4,16
red4:lane2:snr16.0:seed4:frame5,16.0,5,profiled_cz,awgn,0.0,8.0,385,4.0,5.035520833333333,0.9933333333333333,0,true,false,standard,standard_crc_valid,true,false,false,false,0,0,C+z,4,16
red4:lane2:snr16.0:seed4:frame6,16.0,6,profiled_cz,awgn,0.0,8.0,480,4.989583333333333,6.025104166666666,0.9933333333333333,0,true,false,standard,standard_crc_valid,true,false,false,false,0,0,C+z,4,16
red4:lane2:snr16.0:seed4:frame7,16.0,7,profiled_cz,awgn,0.0,8.0,574,5.96875,7.004270833333333,0.9933333333333333,0,true,false,standard,standard_crc_valid,true,false,false,false,0,0,C+z,4,16
red4:lane2:snr16.0:seed4:frame8,16.0,8,profiled_cz,awgn,0.0,8.0,669,6.958333333333333,7.993854166666666,0.9933333333333333,0,true,false,standard,standard_crc_valid,true,false,false,false,0,0,C+z,4,16
red4:lane2:snr18.0:seed4:frame1,18.0,1,cwz_joint,awgn,0.0,8.0,1,0.0,1.0355208333333332,0.9933333333333333,0,true,false,standard,standard_crc_valid,true,false,false,false,0,0,C+W+z,4,16
red4:lane2:snr18.0:seed4:frame2,18.0,2,cwz_joint,awgn,0.0,8.0,96,0.9895833333333334,2.0251041666666665,0.9933333333333333,0,true,false,standard,standard_crc_valid,true,false,false,false,0,0,C+W+z,4,16
red4:lane2:snr18.0:seed4:frame3,18.0,3,cwz_joint,awgn,0.0,8.0,190,1.96875,3.004270833333333,0.9933333333333333,0,true,false,standard,standard_crc_valid,true,false,false,false,0,0,C+W+z,4,16
red4:lane2:snr18.0:seed4:frame4,18.0,4,cwz_joint,awgn,0.0,8.0,285,2.9583333333333335,3.993854166666667,0.9933333333333333,0,true,false,standard,standard_crc_valid,true,false,false,false,0,0,C+W+z,4,16
red4:lane2:snr18.0:seed4:frame5,18.0,5,cwz_joint,awgn,0.0,8.0,385,4.0,5.035520833333333,0.9933333333333333,0,true,false,standard,standard_crc_valid,true,false,false,false,0,0,C+W+z,4,16
red4:lane2:snr18.0:seed4:frame6,18.0,6,cwz_joint,awgn,0.0,8.0,480,4.989583333333333,6.025104166666666,0.9933333333333333,0,true,false,standard,standard_crc_valid,true,false,false,false,0,0,C+W+z,4,16
red4:lane2:snr18.0:seed4:frame7,18.0,7,cwz_joint,awgn,0.0,8.0,574,5.96875,7.004270833333333,0.9933333333333333,0,true,false,standard,standard_crc_valid,true,false,false,false,0,0,C+W+z,4,16
red4:lane2:snr18.0:seed4:frame8,18.0,8,cwz_joint,awgn,0.0,8.0,669,6.958333333333333,7.993854166666666,0.9933333333333333,0,true,false,standard,standard_crc_valid,true,false,false,false,0,0,C+W+z,4,16
red4:lane2:snr18.0:seed4:frame1,18.0,1,profiled_cz,awgn,0.0,8.0,1,0.0,1.0355208333333332,0.9933333333333333,0,true,false,standard,standard_crc_valid,true,false,false,false,0,0,C+z,4,16
red4:lane2:snr18.0:seed4:frame2,18.0,2,profiled_cz,awgn,0.0,8.0,96,0.9895833333333334,2.0251041666666665,0.9933333333333333,0,true,false,standard,standard_crc_valid,true,false,false,false,0,0,C+z,4,16
red4:lane2:snr18.0:seed4:frame3,18.0,3,profiled_cz,awgn,0.0,8.0,190,1.96875,3.004270833333333,0.9933333333333333,0,true,false,standard,standard_crc_valid,true,false,false,false,0,0,C+z,4,16
red4:lane2:snr18.0:seed4:frame4,18.0,4,profiled_cz,awgn,0.0,8.0,285,2.9583333333333335,3.993854166666667,0.9933333333333333,0,true,false,standard,standard_crc_valid,true,false,false,false,0,0,C+z,4,16
red4:lane2:snr18.0:seed4:frame5,18.0,5,profiled_cz,awgn,0.0,8.0,385,4.0,5.035520833333333,0.9933333333333333,0,true,false,standard,standard_crc_valid,true,false,false,false,0,0,C+z,4,16
red4:lane2:snr18.0:seed4:frame6,18.0,6,profiled_cz,awgn,0.0,8.0,480,4.989583333333333,6.025104166666666,0.9933333333333333,0,true,false,standard,standard_crc_valid,true,false,false,false,0,0,C+z,4,16
red4:lane2:snr18.0:seed4:frame7,18.0,7,profiled_cz,awgn,0.0,8.0,574,5.96875,7.004270833333333,0.9933333333333333,0,true,false,standard,standard_crc_valid,true,false,false,false,0,0,C+z,4,16
red4:lane2:snr18.0:seed4:frame8,18.0,8,profiled_cz,awgn,0.0,8.0,669,6.958333333333333,7.993854166666666,0.9933333333333333,0,true,false,standard,standard_crc_valid,true,false,false,false,0,0,C+z,4,16
red4:lane2:snr20.0:seed4:frame1,20.0,1,cwz_joint,awgn,0.0,8.0,1,0.0,1.0355208333333332,0.9933333333333333,0,true,false,standard,standard_crc_valid,true,false,false,false,0,0,C+W+z,4,16
red4:lane2:snr20.0:seed4:frame2,20.0,2,cwz_joint,awgn,0.0,8.0,96,0.9895833333333334,2.0251041666666665,0.9933333333333333,0,true,false,standard,standard_crc_valid,true,false,false,false,0,0,C+W+z,4,16
red4:lane2:snr20.0:seed4:frame3,20.0,3,cwz_joint,awgn,0.0,8.0,190,1.96875,3.004270833333333,0.9933333333333333,0,true,false,standard,standard_crc_valid,true,false,false,false,0,0,C+W+z,4,16
red4:lane2:snr20.0:seed4:frame4,20.0,4,cwz_joint,awgn,0.0,8.0,285,2.9583333333333335,3.993854166666667,0.9933333333333333,0,true,false,standard,standard_crc_valid,true,false,false,false,0,0,C+W+z,4,16
red4:lane2:snr20.0:seed4:frame5,20.0,5,cwz_joint,awgn,0.0,8.0,385,4.0,5.035520833333333,0.9933333333333333,0,true,false,standard,standard_crc_valid,true,false,false,false,0,0,C+W+z,4,16
red4:lane2:snr20.0:seed4:frame6,20.0,6,cwz_joint,awgn,0.0,8.0,480,4.989583333333333,6.025104166666666,0.9933333333333333,0,true,false,standard,standard_crc_valid,true,false,false,false,0,0,C+W+z,4,16
red4:lane2:snr20.0:seed4:frame7,20.0,7,cwz_joint,awgn,0.0,8.0,574,5.96875,7.004270833333333,0.9933333333333333,0,true,false,standard,standard_crc_valid,true,false,false,false,0,0,C+W+z,4,16
red4:lane2:snr20.0:seed4:frame8,20.0,8,cwz_joint,awgn,0.0,8.0,669,6.958333333333333,7.993854166666666,0.9933333333333333,0,true,false,standard,standard_crc_valid,true,false,false,false,0,0,C+W+z,4,16
red4:lane2:snr20.0:seed4:frame1,20.0,1,profiled_cz,awgn,0.0,8.0,1,0.0,1.0355208333333332,0.9933333333333333,0,true,false,standard,standard_crc_valid,true,false,false,false,0,0,C+z,4,16
red4:lane2:snr20.0:seed4:frame2,20.0,2,profiled_cz,awgn,0.0,8.0,96,0.9895833333333334,2.0251041666666665,0.9933333333333333,0,true,false,standard,standard_crc_valid,true,false,false,false,0,0,C+z,4,16
red4:lane2:snr20.0:seed4:frame3,20.0,3,profiled_cz,awgn,0.0,8.0,190,1.96875,3.004270833333333,0.9933333333333333,0,true,false,standard,standard_crc_valid,true,false,false,false,0,0,C+z,4,16
red4:lane2:snr20.0:seed4:frame4,20.0,4,profiled_cz,awgn,0.0,8.0,285,2.9583333333333335,3.993854166666667,0.9933333333333333,0,true,false,standard,standard_crc_valid,true,false,false,false,0,0,C+z,4,16
red4:lane2:snr20.0:seed4:frame5,20.0,5,profiled_cz,awgn,0.0,8.0,385,4.0,5.035520833333333,0.9933333333333333,0,true,false,standard,standard_crc_valid,true,false,false,false,0,0,C+z,4,16
red4:lane2:snr20.0:seed4:frame6,20.0,6,profiled_cz,awgn,0.0,8.0,480,4.989583333333333,6.025104166666666,0.9933333333333333,0,true,false,standard,standard_crc_valid,true,false,false,false,0,0,C+z,4,16
red4:lane2:snr20.0:seed4:frame7,20.0,7,profiled_cz,awgn,0.0,8.0,574,5.96875,7.004270833333333,0.9933333333333333,0,true,false,standard,standard_crc_valid,true,false,false,false,0,0,C+z,4,16
red4:lane2:snr20.0:seed4:frame8,20.0,8,profiled_cz,awgn,0.0,8.0,669,6.958333333333333,7.993854166666666,0.9933333333333333,0,true,false,standard,standard_crc_valid,true,false,false,false,0,0,C+z,4,16
red4:lane2:snr22.0:seed4:frame1,22.0,1,cwz_joint,awgn,0.0,8.0,1,0.0,1.0355208333333332,0.9933333333333333,0,true,false,standard,standard_crc_valid,true,false,false,false,0,0,C+W+z,4,16
red4:lane2:snr22.0:seed4:frame2,22.0,2,cwz_joint,awgn,0.0,8.0,96,0.9895833333333334,2.0251041666666665,0.9933333333333333,0,true,false,standard,standard_crc_valid,true,false,false,false,0,0,C+W+z,4,16
red4:lane2:snr22.0:seed4:frame3,22.0,3,cwz_joint,awgn,0.0,8.0,190,1.96875,3.004270833333333,0.9933333333333333,0,true,false,standard,standard_crc_valid,true,false,false,false,0,0,C+W+z,4,16
red4:lane2:snr22.0:seed4:frame4,22.0,4,cwz_joint,awgn,0.0,8.0,285,2.9583333333333335,3.993854166666667,0.9933333333333333,0,true,false,standard,standard_crc_valid,true,false,false,false,0,0,C+W+z,4,16
red4:lane2:snr22.0:seed4:frame5,22.0,5,cwz_joint,awgn,0.0,8.0,385,4.0,5.035520833333333,0.9933333333333333,0,true,false,standard,standard_crc_valid,true,false,false,false,0,0,C+W+z,4,16
red4:lane2:snr22.0:seed4:frame6,22.0,6,cwz_joint,awgn,0.0,8.0,480,4.989583333333333,6.025104166666666,0.9933333333333333,0,true,false,standard,standard_crc_valid,true,false,false,false,0,0,C+W+z,4,16
red4:lane2:snr22.0:seed4:frame7,22.0,7,cwz_joint,awgn,0.0,8.0,574,5.96875,7.004270833333333,0.9933333333333333,0,true,false,standard,standard_crc_valid,true,false,false,false,0,0,C+W+z,4,16
red4:lane2:snr22.0:seed4:frame8,22.0,8,cwz_joint,awgn,0.0,8.0,669,6.958333333333333,7.993854166666666,0.9933333333333333,0,true,false,standard,standard_crc_valid,true,false,false,false,0,0,C+W+z,4,16
red4:lane2:snr22.0:seed4:frame1,22.0,1,profiled_cz,awgn,0.0,8.0,1,0.0,1.0355208333333332,0.9933333333333333,0,true,false,standard,standard_crc_valid,true,false,false,false,0,0,C+z,4,16
red4:lane2:snr22.0:seed4:frame2,22.0,2,profiled_cz,awgn,0.0,8.0,96,0.9895833333333334,2.0251041666666665,0.9933333333333333,0,true,false,standard,standard_crc_valid,true,false,false,false,0,0,C+z,4,16
red4:lane2:snr22.0:seed4:frame3,22.0,3,profiled_cz,awgn,0.0,8.0,190,1.96875,3.004270833333333,0.9933333333333333,0,true,false,standard,standard_crc_valid,true,false,false,false,0,0,C+z,4,16
red4:lane2:snr22.0:seed4:frame4,22.0,4,profiled_cz,awgn,0.0,8.0,285,2.9583333333333335,3.993854166666667,0.9933333333333333,0,true,false,standard,standard_crc_valid,true,false,false,false,0,0,C+z,4,16
red4:lane2:snr22.0:seed4:frame5,22.0,5,profiled_cz,awgn,0.0,8.0,385,4.0,5.035520833333333,0.9933333333333333,0,true,false,standard,standard_crc_valid,true,false,false,false,0,0,C+z,4,16
red4:lane2:snr22.0:seed4:frame6,22.0,6,profiled_cz,awgn,0.0,8.0,480,4.989583333333333,6.025104166666666,0.9933333333333333,0,true,false,standard,standard_crc_valid,true,false,false,false,0,0,C+z,4,16
red4:lane2:snr22.0:seed4:frame7,22.0,7,profiled_cz,awgn,0.0,8.0,574,5.96875,7.004270833333333,0.9933333333333333,0,true,false,standard,standard_crc_valid,true,false,false,false,0,0,C+z,4,16
red4:lane2:snr22.0:seed4:frame8,22.0,8,profiled_cz,awgn,0.0,8.0,669,6.958333333333333,7.993854166666666,0.9933333333333333,0,true,false,standard,standard_crc_valid,true,false,false,false,0,0,C+z,4,16
red4:lane2:snr24.0:seed4:frame1,24.0,1,cwz_joint,awgn,0.0,8.0,1,0.0,1.0355208333333332,0.9933333333333333,0,true,false,standard,standard_crc_valid,true,false,false,false,0,0,C+W+z,4,16
red4:lane2:snr24.0:seed4:frame2,24.0,2,cwz_joint,awgn,0.0,8.0,96,0.9895833333333334,2.0251041666666665,0.9933333333333333,0,true,false,standard,standard_crc_valid,true,false,false,false,0,0,C+W+z,4,16
red4:lane2:snr24.0:seed4:frame3,24.0,3,cwz_joint,awgn,0.0,8.0,190,1.96875,3.004270833333333,0.9933333333333333,0,true,false,standard,standard_crc_valid,true,false,false,false,0,0,C+W+z,4,16
red4:lane2:snr24.0:seed4:frame4,24.0,4,cwz_joint,awgn,0.0,8.0,285,2.9583333333333335,3.993854166666667,0.9933333333333333,0,true,false,standard,standard_crc_valid,true,false,false,false,0,0,C+W+z,4,16
red4:lane2:snr24.0:seed4:frame5,24.0,5,cwz_joint,awgn,0.0,8.0,385,4.0,5.035520833333333,0.9933333333333333,0,true,false,standard,standard_crc_valid,true,false,false,false,0,0,C+W+z,4,16
red4:lane2:snr24.0:seed4:frame6,24.0,6,cwz_joint,awgn,0.0,8.0,480,4.989583333333333,6.025104166666666,0.9933333333333333,0,true,false,standard,standard_crc_valid,true,false,false,false,0,0,C+W+z,4,16
red4:lane2:snr24.0:seed4:frame7,24.0,7,cwz_joint,awgn,0.0,8.0,574,5.96875,7.004270833333333,0.9933333333333333,0,true,false,standard,standard_crc_valid,true,false,false,false,0,0,C+W+z,4,16
red4:lane2:snr24.0:seed4:frame8,24.0,8,cwz_joint,awgn,0.0,8.0,669,6.958333333333333,7.993854166666666,0.9933333333333333,0,true,false,standard,standard_crc_valid,true,false,false,false,0,0,C+W+z,4,16
red4:lane2:snr24.0:seed4:frame1,24.0,1,profiled_cz,awgn,0.0,8.0,1,0.0,1.0355208333333332,0.9933333333333333,0,true,false,standard,standard_crc_valid,true,false,false,false,0,0,C+z,4,16
red4:lane2:snr24.0:seed4:frame2,24.0,2,profiled_cz,awgn,0.0,8.0,96,0.9895833333333334,2.0251041666666665,0.9933333333333333,0,true,false,standard,standard_crc_valid,true,false,false,false,0,0,C+z,4,16
red4:lane2:snr24.0:seed4:frame3,24.0,3,profiled_cz,awgn,0.0,8.0,190,1.96875,3.004270833333333,0.9933333333333333,0,true,false,standard,standard_crc_valid,true,false,false,false,0,0,C+z,4,16
red4:lane2:snr24.0:seed4:frame4,24.0,4,profiled_cz,awgn,0.0,8.0,285,2.9583333333333335,3.993854166666667,0.9933333333333333,0,true,false,standard,standard_crc_valid,true,false,false,false,0,0,C+z,4,16
red4:lane2:snr24.0:seed4:frame5,24.0,5,profiled_cz,awgn,0.0,8.0,385,4.0,5.035520833333333,0.9933333333333333,0,true,false,standard,standard_crc_valid,true,false,false,false,0,0,C+z,4,16
red4:lane2:snr24.0:seed4:frame6,24.0,6,profiled_cz,awgn,0.0,8.0,480,4.989583333333333,6.025104166666666,0.9933333333333333,0,true,false,standard,standard_crc_valid,true,false,false,false,0,0,C+z,4,16
red4:lane2:snr24.0:seed4:frame7,24.0,7,profiled_cz,awgn,0.0,8.0,574,5.96875,7.004270833333333,0.9933333333333333,0,true,false,standard,standard_crc_valid,true,false,false,false,0,0,C+z,4,16
red4:lane2:snr24.0:seed4:frame8,24.0,8,profiled_cz,awgn,0.0,8.0,669,6.958333333333333,7.993854166666666,0.9933333333333333,0,true,false,standard,standard_crc_valid,true,false,false,false,0,0,C+z,4,16
red4:lane2:snr26.0:seed4:frame1,26.0,1,cwz_joint,awgn,0.0,8.0,1,0.0,1.0355208333333332,0.9933333333333333,0,true,false,standard,standard_crc_valid,true,false,false,false,0,0,C+W+z,4,16
red4:lane2:snr26.0:seed4:frame2,26.0,2,cwz_joint,awgn,0.0,8.0,96,0.9895833333333334,2.0251041666666665,0.9933333333333333,0,true,false,standard,standard_crc_valid,true,false,false,false,0,0,C+W+z,4,16
red4:lane2:snr26.0:seed4:frame3,26.0,3,cwz_joint,awgn,0.0,8.0,190,1.96875,3.004270833333333,0.9933333333333333,0,true,false,standard,standard_crc_valid,true,false,false,false,0,0,C+W+z,4,16
red4:lane2:snr26.0:seed4:frame4,26.0,4,cwz_joint,awgn,0.0,8.0,285,2.9583333333333335,3.993854166666667,0.9933333333333333,0,true,false,standard,standard_crc_valid,true,false,false,false,0,0,C+W+z,4,16
red4:lane2:snr26.0:seed4:frame5,26.0,5,cwz_joint,awgn,0.0,8.0,385,4.0,5.035520833333333,0.9933333333333333,0,true,false,standard,standard_crc_valid,true,false,false,false,0,0,C+W+z,4,16
red4:lane2:snr26.0:seed4:frame6,26.0,6,cwz_joint,awgn,0.0,8.0,480,4.989583333333333,6.025104166666666,0.9933333333333333,0,true,false,standard,standard_crc_valid,true,false,false,false,0,0,C+W+z,4,16
red4:lane2:snr26.0:seed4:frame7,26.0,7,cwz_joint,awgn,0.0,8.0,574,5.96875,7.004270833333333,0.9933333333333333,0,true,false,standard,standard_crc_valid,true,false,false,false,0,0,C+W+z,4,16
red4:lane2:snr26.0:seed4:frame8,26.0,8,cwz_joint,awgn,0.0,8.0,669,6.958333333333333,7.993854166666666,0.9933333333333333,0,true,false,standard,standard_crc_valid,true,false,false,false,0,0,C+W+z,4,16
red4:lane2:snr26.0:seed4:frame1,26.0,1,profiled_cz,awgn,0.0,8.0,1,0.0,1.0355208333333332,0.9933333333333333,0,true,false,standard,standard_crc_valid,true,false,false,false,0,0,C+z,4,16
red4:lane2:snr26.0:seed4:frame2,26.0,2,profiled_cz,awgn,0.0,8.0,96,0.9895833333333334,2.0251041666666665,0.9933333333333333,0,true,false,standard,standard_crc_valid,true,false,false,false,0,0,C+z,4,16
red4:lane2:snr26.0:seed4:frame3,26.0,3,profiled_cz,awgn,0.0,8.0,190,1.96875,3.004270833333333,0.9933333333333333,0,true,false,standard,standard_crc_valid,true,false,false,false,0,0,C+z,4,16
red4:lane2:snr26.0:seed4:frame4,26.0,4,profiled_cz,awgn,0.0,8.0,285,2.9583333333333335,3.993854166666667,0.9933333333333333,0,true,false,standard,standard_crc_valid,true,false,false,false,0,0,C+z,4,16
red4:lane2:snr26.0:seed4:frame5,26.0,5,profiled_cz,awgn,0.0,8.0,385,4.0,5.035520833333333,0.9933333333333333,0,true,false,standard,standard_crc_valid,true,false,false,false,0,0,C+z,4,16
red4:lane2:snr26.0:seed4:frame6,26.0,6,profiled_cz,awgn,0.0,8.0,480,4.989583333333333,6.025104166666666,0.9933333333333333,0,true,false,standard,standard_crc_valid,true,false,false,false,0,0,C+z,4,16
red4:lane2:snr26.0:seed4:frame7,26.0,7,profiled_cz,awgn,0.0,8.0,574,5.96875,7.004270833333333,0.9933333333333333,0,true,false,standard,standard_crc_valid,true,false,false,false,0,0,C+z,4,16
red4:lane2:snr26.0:seed4:frame8,26.0,8,profiled_cz,awgn,0.0,8.0,669,6.958333333333333,7.993854166666666,0.9933333333333333,0,true,false,standard,standard_crc_valid,true,false,false,false,0,0,C+z,4,16
red4:lane2:snr28.0:seed4:frame1,28.0,1,cwz_joint,awgn,0.0,8.0,1,0.0,1.0355208333333332,0.9933333333333333,0,true,false,standard,standard_crc_valid,true,false,false,false,0,0,C+W+z,4,16
red4:lane2:snr28.0:seed4:frame2,28.0,2,cwz_joint,awgn,0.0,8.0,96,0.9895833333333334,2.0251041666666665,0.9933333333333333,0,true,false,standard,standard_crc_valid,true,false,false,false,0,0,C+W+z,4,16
red4:lane2:snr28.0:seed4:frame3,28.0,3,cwz_joint,awgn,0.0,8.0,190,1.96875,3.004270833333333,0.9933333333333333,0,true,false,standard,standard_crc_valid,true,false,false,false,0,0,C+W+z,4,16
red4:lane2:snr28.0:seed4:frame4,28.0,4,cwz_joint,awgn,0.0,8.0,285,2.9583333333333335,3.993854166666667,0.9933333333333333,0,true,false,standard,standard_crc_valid,true,false,false,false,0,0,C+W+z,4,16
red4:lane2:snr28.0:seed4:frame5,28.0,5,cwz_joint,awgn,0.0,8.0,385,4.0,5.035520833333333,0.9933333333333333,0,true,false,standard,standard_crc_valid,true,false,false,false,0,0,C+W+z,4,16
red4:lane2:snr28.0:seed4:frame6,28.0,6,cwz_joint,awgn,0.0,8.0,480,4.989583333333333,6.025104166666666,0.9933333333333333,0,true,false,standard,standard_crc_valid,true,false,false,false,0,0,C+W+z,4,16
red4:lane2:snr28.0:seed4:frame7,28.0,7,cwz_joint,awgn,0.0,8.0,574,5.96875,7.004270833333333,0.9933333333333333,0,true,false,standard,standard_crc_valid,true,false,false,false,0,0,C+W+z,4,16
red4:lane2:snr28.0:seed4:frame8,28.0,8,cwz_joint,awgn,0.0,8.0,669,6.958333333333333,7.993854166666666,0.9933333333333333,0,true,false,standard,standard_crc_valid,true,false,false,false,0,0,C+W+z,4,16
red4:lane2:snr28.0:seed4:frame1,28.0,1,profiled_cz,awgn,0.0,8.0,1,0.0,1.0355208333333332,0.9933333333333333,0,true,false,standard,standard_crc_valid,true,false,false,false,0,0,C+z,4,16
red4:lane2:snr28.0:seed4:frame2,28.0,2,profiled_cz,awgn,0.0,8.0,96,0.9895833333333334,2.0251041666666665,0.9933333333333333,0,true,false,standard,standard_crc_valid,true,false,false,false,0,0,C+z,4,16
red4:lane2:snr28.0:seed4:frame3,28.0,3,profiled_cz,awgn,0.0,8.0,190,1.96875,3.004270833333333,0.9933333333333333,0,true,false,standard,standard_crc_valid,true,false,false,false,0,0,C+z,4,16
red4:lane2:snr28.0:seed4:frame4,28.0,4,profiled_cz,awgn,0.0,8.0,285,2.9583333333333335,3.993854166666667,0.9933333333333333,0,true,false,standard,standard_crc_valid,true,false,false,false,0,0,C+z,4,16
red4:lane2:snr28.0:seed4:frame5,28.0,5,profiled_cz,awgn,0.0,8.0,385,4.0,5.035520833333333,0.9933333333333333,0,true,false,standard,standard_crc_valid,true,false,false,false,0,0,C+z,4,16
red4:lane2:snr28.0:seed4:frame6,28.0,6,profiled_cz,awgn,0.0,8.0,480,4.989583333333333,6.025104166666666,0.9933333333333333,0,true,false,standard,standard_crc_valid,true,false,false,false,0,0,C+z,4,16
red4:lane2:snr28.0:seed4:frame7,28.0,7,profiled_cz,awgn,0.0,8.0,574,5.96875,7.004270833333333,0.9933333333333333,0,true,false,standard,standard_crc_valid,true,false,false,false,0,0,C+z,4,16
red4:lane2:snr28.0:seed4:frame8,28.0,8,profiled_cz,awgn,0.0,8.0,669,6.958333333333333,7.993854166666666,0.9933333333333333,0,true,false,standard,standard_crc_valid,true,false,false,false,0,0,C+z,4,16
red4:lane2:snr30.0:seed4:frame1,30.0,1,cwz_joint,awgn,0.0,8.0,1,0.0,1.0355208333333332,0.9933333333333333,0,true,false,standard,standard_crc_valid,true,false,false,false,0,0,C+W+z,4,16
red4:lane2:snr30.0:seed4:frame2,30.0,2,cwz_joint,awgn,0.0,8.0,96,0.9895833333333334,2.0251041666666665,0.9933333333333333,0,true,false,standard,standard_crc_valid,true,false,false,false,0,0,C+W+z,4,16
red4:lane2:snr30.0:seed4:frame3,30.0,3,cwz_joint,awgn,0.0,8.0,190,1.96875,3.004270833333333,0.9933333333333333,0,true,false,standard,standard_crc_valid,true,false,false,false,0,0,C+W+z,4,16
red4:lane2:snr30.0:seed4:frame4,30.0,4,cwz_joint,awgn,0.0,8.0,285,2.9583333333333335,3.993854166666667,0.9933333333333333,0,true,false,standard,standard_crc_valid,true,false,false,false,0,0,C+W+z,4,16
red4:lane2:snr30.0:seed4:frame5,30.0,5,cwz_joint,awgn,0.0,8.0,385,4.0,5.035520833333333,0.9933333333333333,0,true,false,standard,standard_crc_valid,true,false,false,false,0,0,C+W+z,4,16
red4:lane2:snr30.0:seed4:frame6,30.0,6,cwz_joint,awgn,0.0,8.0,480,4.989583333333333,6.025104166666666,0.9933333333333333,0,true,false,standard,standard_crc_valid,true,false,false,false,0,0,C+W+z,4,16
red4:lane2:snr30.0:seed4:frame7,30.0,7,cwz_joint,awgn,0.0,8.0,574,5.96875,7.004270833333333,0.9933333333333333,0,true,false,standard,standard_crc_valid,true,false,false,false,0,0,C+W+z,4,16
red4:lane2:snr30.0:seed4:frame8,30.0,8,cwz_joint,awgn,0.0,8.0,669,6.958333333333333,7.993854166666666,0.9933333333333333,0,true,false,standard,standard_crc_valid,true,false,false,false,0,0,C+W+z,4,16
red4:lane2:snr30.0:seed4:frame1,30.0,1,profiled_cz,awgn,0.0,8.0,1,0.0,1.0355208333333332,0.9933333333333333,0,true,false,standard,standard_crc_valid,true,false,false,false,0,0,C+z,4,16
red4:lane2:snr30.0:seed4:frame2,30.0,2,profiled_cz,awgn,0.0,8.0,96,0.9895833333333334,2.0251041666666665,0.9933333333333333,0,true,false,standard,standard_crc_valid,true,false,false,false,0,0,C+z,4,16
red4:lane2:snr30.0:seed4:frame3,30.0,3,profiled_cz,awgn,0.0,8.0,190,1.96875,3.004270833333333,0.9933333333333333,0,true,false,standard,standard_crc_valid,true,false,false,false,0,0,C+z,4,16
red4:lane2:snr30.0:seed4:frame4,30.0,4,profiled_cz,awgn,0.0,8.0,285,2.9583333333333335,3.993854166666667,0.9933333333333333,0,true,false,standard,standard_crc_valid,true,false,false,false,0,0,C+z,4,16
red4:lane2:snr30.0:seed4:frame5,30.0,5,profiled_cz,awgn,0.0,8.0,385,4.0,5.035520833333333,0.9933333333333333,0,true,false,standard,standard_crc_valid,true,false,false,false,0,0,C+z,4,16
red4:lane2:snr30.0:seed4:frame6,30.0,6,profiled_cz,awgn,0.0,8.0,480,4.989583333333333,6.025104166666666,0.9933333333333333,0,true,false,standard,standard_crc_valid,true,false,false,false,0,0,C+z,4,16
red4:lane2:snr30.0:seed4:frame7,30.0,7,profiled_cz,awgn,0.0,8.0,574,5.96875,7.004270833333333,0.9933333333333333,0,true,false,standard,standard_crc_valid,true,false,false,false,0,0,C+z,4,16
red4:lane2:snr30.0:seed4:frame8,30.0,8,profiled_cz,awgn,0.0,8.0,669,6.958333333333333,7.993854166666666,0.9933333333333333,0,true,false,standard,standard_crc_valid,true,false,false,false,0,0,C+z,4,16
