channel,lane,snr_db,algorithm_id,seed,frames,objective,noise_model,nfft,cp,code_rate,outer_spacing,inner_spacing,check_degree,horizon,partial_fft_parts,partial_fft_bands,payload_bits_per_frame,successful_frames,psr,payload_bits,bit_errors,ber,decode_failures,decode_seconds,effective_rate_bps,capture_start_seconds,capture_stop_seconds,capture_tap_snapshots,capture_phase_samples
red4,3,0.0,cwz_joint,4,32,configuration,awgn,1536,64,0.25,5,3,14,0,4,16,3656,0,0.0,116992,41359,0.3535198987964989,0,1.110820634375,0.0,0.0,47.0,4513,902600
red4,3,0.0,lite,4,32,configuration,awgn,1536,64,0.25,5,3,14,0,4,16,3656,0,0.0,116992,41359,0.3535198987964989,0,0.33922841249999997,0.0,0.0,47.0,4513,902600
red4,3,0.0,ofdm_fec,4,32,configuration,awgn,1536,64,0.25,5,3,14,0,4,16,3656,0,0.0,116992,41658,0.3560756291028446,0,0.19036867500000001,0.0,0.0,47.0,4513,902600
red4,3,0.0,pfft,4,32,configuration,awgn,1536,64,0.25,5,3,14,0,4,16,3656,0,0.0,116992,41960,0.3586570021881838,0,0.1850570625,0.0,0.0,47.0,4513,902600
red4,3,0.0,profiled_cz,4,32,configuration,awgn,1536,64,0.25,5,3,14,0,4,16,3656,0,0.0,116992,41359,0.3535198987964989,0,1.746623065625,0.0,0.0,47.0,4513,902600
red4,3,2.0,cwz_joint,4,32,configuration,awgn,1536,64,0.25,5,3,14,0,4,16,3656,0,0.0,116992,32421,0.2771215125820569,0,1.1412797625,0.0,0.0,47.0,4513,902600
red4,3,2.0,lite,4,32,configuration,awgn,1536,64,0.25,5,3,14,0,4,16,3656,0,0.0,116992,32421,0.2771215125820569,0,0.362102746875,0.0,0.0,47.0,4513,902600
red4,3,2.0,ofdm_fec,4,32,configuration,awgn,1536,64,0.25,5,3,14,0,4,16,3656,0,0.0,116992,33424,0.28569474835886216,0,0.190729725,0.0,0.0,47.0,4513,902600
red4,3,2.0,pfft,4,32,configuration,awgn,1536,64,0.25,5,3,14,0,4,16,3656,0,0.0,116992,34716,0.296738238512035,0,0.18554209062500002,0.0,0.0,47.0,4513,902600
red4,3,2.0,profiled_cz,4,32,configuration,awgn,1536,64,0.25,5,3,14,0,4,16,3656,0,0.0,116992,32421,0.2771215125820569,0,1.8907102437499994,0.0,0.0,47.0,4513,902600
red4,3,4.0,cwz_joint,4,32,configuration,awgn,1536,64,0.25,5,3,14,0,4,16,3656,0,0.0,116992,7899,0.06751743708971554,0,1.0186187249999998,0.0,0.0,47.0,4513,902600
red4,3,4.0,lite,4,32,configuration,awgn,1536,64,0.25,5,3,14,0,4,16,3656,0,0.0,116992,7899,0.06751743708971554,0,0.38286595625000003,0.0,0.0,47.0,4513,902600
red4,3,4.0,ofdm_fec,4,32,configuration,awgn,1536,64,0.25,5,3,14,0,4,16,3656,0,0.0,116992,16650,0.14231742341356673,0,0.194795090625,0.0,0.0,47.0,4513,902600
red4,3,4.0,pfft,4,32,configuration,awgn,1536,64,0.25,5,3,14,0,4,16,3656,0,0.0,116992,18343,0.15678849835886213,0,0.188803628125,0.0,0.0,47.0,4513,902600
red4,3,4.0,profiled_cz,4,32,configuration,awgn,1536,64,0.25,5,3,14,0,4,16,3656,0,0.0,116992,7899,0.06751743708971554,0,1.8959262437499995,0.0,0.0,47.0,4513,902600
red4,3,6.0,cwz_joint,4,32,configuration,awgn,1536,64,0.25,5,3,14,0,4,16,3656,0,0.0,116992,373,0.0031882521881838074,0,0.8964887625,0.0,0.0,47.0,4513,902600
red4,3,6.0,lite,4,32,configuration,awgn,1536,64,0.25,5,3,14,0,4,16,3656,0,0.0,116992,373,0.0031882521881838074,0,0.35496124999999995,0.0,0.0,47.0,4513,902600
red4,3,6.0,ofdm_fec,4,32,configuration,awgn,1536,64,0.25,5,3,14,0,4,16,3656,0,0.0,116992,3424,0.029266958424507657,0,0.18437632499999995,0.0,0.0,47.0,4513,902600
red4,3,6.0,pfft,4,32,configuration,awgn,1536,64,0.25,5,3,14,0,4,16,3656,0,0.0,116992,1921,0.016419926148796497,0,0.182259096875,0.0,0.0,47.0,4513,902600
red4,3,6.0,profiled_cz,4,32,configuration,awgn,1536,64,0.25,5,3,14,0,4,16,3656,0,0.0,116992,373,0.0031882521881838074,0,1.5873474531249998,0.0,0.0,47.0,4513,902600
red4,3,8.0,cwz_joint,4,32,configuration,awgn,1536,64,0.25,5,3,14,0,4,16,3656,7,0.21875,116992,72,0.0006154266958424508,0,0.7733288875,415.0951557093425,0.0,47.0,4513,902600
red4,3,8.0,lite,4,32,configuration,awgn,1536,64,0.25,5,3,14,0,4,16,3656,7,0.21875,116992,72,0.0006154266958424508,0,0.3260307031250001,415.0951557093425,0.0,47.0,4513,902600
red4,3,8.0,ofdm_fec,4,32,configuration,awgn,1536,64,0.25,5,3,14,0,4,16,3656,1,0.03125,116992,792,0.0067696936542669586,0,0.18206200625000002,59.299307958477506,0.0,47.0,4513,902600
red4,3,8.0,pfft,4,32,configuration,awgn,1536,64,0.25,5,3,14,0,4,16,3656,2,0.0625,116992,266,0.002273659737417943,0,0.178120971875,118.59861591695501,0.0,47.0,4513,902600
red4,3,8.0,profiled_cz,4,32,configuration,awgn,1536,64,0.25,5,3,14,0,4,16,3656,7,0.21875,116992,72,0.0006154266958424508,0,1.142504359375,415.0951557093425,0.0,47.0,4513,902600
red4,3,10.0,cwz_joint,4,32,configuration,awgn,1536,64,0.25,5,3,14,0,4,16,3656,20,0.625,116992,22,0.00018804704595185996,0,0.48817582500000006,1185.98615916955,0.0,47.0,4513,902600
red4,3,10.0,lite,4,32,configuration,awgn,1536,64,0.25,5,3,14,0,4,16,3656,20,0.625,116992,22,0.00018804704595185996,0,0.28943916875000003,1185.98615916955,0.0,47.0,4513,902600
red4,3,10.0,ofdm_fec,4,32,configuration,awgn,1536,64,0.25,5,3,14,0,4,16,3656,7,0.21875,116992,201,0.0017180661925601751,0,0.17313948749999994,415.0951557093425,0.0,47.0,4513,902600
red4,3,10.0,pfft,4,32,configuration,awgn,1536,64,0.25,5,3,14,0,4,16,3656,6,0.1875,116992,79,0.0006752598468271335,0,0.17867893124999998,355.79584775086505,0.0,47.0,4513,902600
red4,3,10.0,profiled_cz,4,32,configuration,awgn,1536,64,0.25,5,3,14,0,4,16,3656,20,0.625,116992,22,0.00018804704595185996,0,0.73728508125,1185.98615916955,0.0,47.0,4513,902600
red4,3,12.0,cwz_joint,4,32,configuration,awgn,1536,64,0.25,5,3,14,0,4,16,3656,29,0.90625,116992,3,2.5642778993435448e-5,0,0.3271764281250001,1719.6799307958477,0.0,47.0,4513,902600
red4,3,12.0,lite,4,32,configuration,awgn,1536,64,0.25,5,3,14,0,4,16,3656,29,0.90625,116992,3,2.5642778993435448e-5,0,0.21163572187499996,1719.6799307958477,0.0,47.0,4513,902600
red4,3,12.0,ofdm_fec,4,32,configuration,awgn,1536,64,0.25,5,3,14,0,4,16,3656,13,0.40625,116992,99,0.0008462117067833698,0,0.16546640624999998,770.8910034602076,0.0,47.0,4513,902600
red4,3,12.0,pfft,4,32,configuration,awgn,1536,64,0.25,5,3,14,0,4,16,3656,20,0.625,116992,28,0.00023933260393873084,0,0.163278546875,1185.98615916955,0.0,47.0,4513,902600
red4,3,12.0,profiled_cz,4,32,configuration,awgn,1536,64,0.25,5,3,14,0,4,16,3656,29,0.90625,116992,3,2.5642778993435448e-5,0,0.33927743125,1719.6799307958477,0.0,47.0,4513,902600
red4,3,14.0,cwz_joint,4,32,configuration,awgn,1536,64,0.25,5,3,14,0,4,16,3656,29,0.90625,116992,3,2.5642778993435448e-5,0,0.32248548437499996,1719.6799307958477,0.0,47.0,4513,902600
red4,3,14.0,lite,4,32,configuration,awgn,1536,64,0.25,5,3,14,0,4,16,3656,29,0.90625,116992,3,2.5642778993435448e-5,0,0.188292346875,1719.6799307958477,0.0,47.0,4513,902600
red4,3,14.0,ofdm_fec,4,32,configuration,awgn,1536,64,0.25,5,3,14,0,4,16,3656,19,0.59375,116992,52,0.00044447483588621445,0,0.157335934375,1126.6868512110725,0.0,47.0,4513,902600
red4,3,14.0,pfft,4,32,configuration,awgn,1536,64,0.25,5,3,14,0,4,16,3656,26,0.8125,116992,12,0.00010257111597374179,0,0.15395932812500002,1541.7820069204151,0.0,47.0,4513,902600
red4,3,14.0,profiled_cz,4,32,configuration,awgn,1536,64,0.25,5,3,14,0,4,16,3656,29,0.90625,116992,3,2.5642778993435448e-5,0,0.31339165625000004,1719.6799307958477,0.0,47.0,4513,902600
red4,3,16.0,cwz_joint,4,32,configuration,awgn,1536,64,0.25,5,3,14,0,4,16,3656,30,0.9375,116992,2,1.7095185995623632e-5,0,0.25111764999999997,1778.9792387543253,0.0,47.0,4513,902600
red4,3,16.0,lite,4,32,configuration,awgn,1536,64,0.25,5,3,14,0,4,16,3656,30,0.9375,116992,2,1.7095185995623632e-5,0,0.17019268750000002,1778.9792387543253,0.0,47.0,4513,902600
red4,3,16.0,ofdm_fec,4,32,configuration,awgn,1536,64,0.25,5,3,14,0,4,16,3656,22,0.6875,116992,32,0.0002735229759299781,0,0.15216773437499995,1304.584775086505,0.0,47.0,4513,902600
red4,3,16.0,pfft,4,32,configuration,awgn,1536,64,0.25,5,3,14,0,4,16,3656,26,0.8125,116992,10,8.547592997811816e-5,0,0.14788528124999997,1541.7820069204151,0.0,47.0,4513,902600
red4,3,16.0,profiled_cz,4,32,configuration,awgn,1536,64,0.25,5,3,14,0,4,16,3656,30,0.9375,116992,2,1.7095185995623632e-5,0,0.266646428125,1778.9792387543253,0.0,47.0,4513,902600
red4,3,18.0,cwz_joint,4,32,configuration,awgn,1536,64,0.25,5,3,14,0,4,16,3656,30,0.9375,116992,2,1.7095185995623632e-5,0,0.25355685625,1778.9792387543253,0.0,47.0,4513,902600
red4,3,18.0,lite,4,32,configuration,awgn,1536,64,0.25,5,3,14,0,4,16,3656,30,0.9375,116992,2,1.7095185995623632e-5,0,0.16670067187499998,1778.9792387543253,0.0,47.0,4513,902600
red4,3,18.0,ofdm_fec,4,32,configuration,awgn,1536,64,0.25,5,3,14,0,4,16,3656,25,0.78125,116992,23,0.00019659463894967179,0,0.14530009687499998,1482.4826989619376,0.0,47.0,4513,902600
red4,3,18.0,pfft,4,32,configuration,awgn,1536,64,0.25,5,3,14,0,4,16,3656,28,0.875,116992,8,6.838074398249453e-5,0,0.13374939687499995,1660.38062283737,0.0,47.0,4513,902600
red4,3,18.0,profiled_cz,4,32,configuration,awgn,1536,64,0.25,5,3,14,0,4,16,3656,30,0.9375,116992,2,1.7095185995623632e-5,0,0.24005083437500005,1778.9792387543253,0.0,47.0,4513,902600
red4,3,20.0,cwz_joint,4,32,configuration,awgn,1536,64,0.25,5,3,14,0,4,16,3656,32,1.0,116992,0,0.0,0,0.19731377500000002,1897.5778546712802,0.0,47.0,4513,902600
red4,3,20.0,lite,4,32,configuration,awgn,1536,64,0.25,5,3,14,0,4,16,3656,32,1.0,116992,0,0.0,0,0.148260746875,1897.5778546712802,0.0,47.0,4513,902600
red4,3,20.0,ofdm_fec,4,32,configuration,awgn,1536,64,0.25,5,3,14,0,4,16,3656,25,0.78125,116992,17,0.00014530908096280088,0,0.13981205000000002,1482.4826989619376,0.0,47.0,4513,902600
red4,3,20.0,pfft,4,32,configuration,awgn,1536,64,0.25,5,3,14,0,4,16,3656,29,0.90625,116992,9,7.692833698030635e-5,0,0.1305373125,1719.6799307958477,0.0,47.0,4513,902600
red4,3,20.0,profiled_cz,4,32,configuration,awgn,1536,64,0.25,5,3,14,0,4,16,3656,32,1.0,116992,0,0.0,0,0.2085021875,1897.5778546712802,0.0,47.0,4513,902600
red4,3,22.0,cwz_joint,4,32,configuration,awgn,1536,64,0.25,5,3,14,0,4,16,3656,32,1.0,116992,0,0.0,0,0.213788678125,1897.5778546712802,0.0,47.0,4513,902600
red4,3,22.0,lite,4,32,configuration,awgn,1536,64,0.25,5,3,14,0,4,16,3656,32,1.0,116992,0,0.0,0,0.16014675625,1897.5778546712802,0.0,47.0,4513,902600
red4,3,22.0,ofdm_fec,4,32,configuration,awgn,1536,64,0.25,5,3,14,0,4,16,3656,25,0.78125,116992,14,0.00011966630196936542,0,0.14116806875000001,1482.4826989619376,0.0,47.0,4513,902600
red4,3,22.0,pfft,4,32,configuration,awgn,1536,64,0.25,5,3,14,0,4,16,3656,29,0.90625,116992,7,5.983315098468271e-5,0,0.14311966562500003,1719.6799307958477,0.0,47.0,4513,902600
red4,3,22.0,profiled_cz,4,32,configuration,awgn,1536,64,0.25,5,3,14,0,4,16,3656,32,1.0,116992,0,0.0,0,0.20524942499999999,1897.5778546712802,0.0,47.0,4513,902600
red4,3,24.0,cwz_joint,4,32,configuration,awgn,1536,64,0.25,5,3,14,0,4,16,3656,32,1.0,116992,0,0.0,0,0.22943441562499997,1897.5778546712802,0.0,47.0,4513,902600
red4,3,24.0,lite,4,32,configuration,awgn,1536,64,0.25,5,3,14,0,4,16,3656,32,1.0,116992,0,0.0,0,0.15432975312500002,1897.5778546712802,0.0,47.0,4513,902600
red4,3,24.0,ofdm_fec,4,32,configuration,awgn,1536,64,0.25,5,3,14,0,4,16,3656,27,0.84375,116992,11,9.402352297592998e-5,0,0.14099698749999998,1601.0813148788927,0.0,47.0,4513,902600
red4,3,24.0,pfft,4,32,configuration,awgn,1536,64,0.25,5,3,14,0,4,16,3656,29,0.90625,116992,5,4.273796498905908e-5,0,0.16578609999999996,1719.6799307958477,0.0,47.0,4513,902600
red4,3,24.0,profiled_cz,4,32,configuration,awgn,1536,64,0.25,5,3,14,0,4,16,3656,32,1.0,116992,0,0.0,0,0.20655453750000002,1897.5778546712802,0.0,47.0,4513,902600
red4,3,26.0,cwz_joint,4,32,configuration,awgn,1536,64,0.25,5,3,14,0,4,16,3656,32,1.0,116992,0,0.0,0,0.173686671875,1897.5778546712802,0.0,47.0,4513,902600
red4,3,26.0,lite,4,32,configuration,awgn,1536,64,0.25,5,3,14,0,4,16,3656,32,1.0,116992,0,0.0,0,0.13458150312499997,1897.5778546712802,0.0,47.0,4513,902600
red4,3,26.0,ofdm_fec,4,32,configuration,awgn,1536,64,0.25,5,3,14,0,4,16,3656,27,0.84375,116992,10,8.547592997811816e-5,0,0.13398648749999995,1601.0813148788927,0.0,47.0,4513,902600
red4,3,26.0,pfft,4,32,configuration,awgn,1536,64,0.25,5,3,14,0,4,16,3656,29,0.90625,116992,5,4.273796498905908e-5,0,0.131956809375,1719.6799307958477,0.0,47.0,4513,902600
red4,3,26.0,profiled_cz,4,32,configuration,awgn,1536,64,0.25,5,3,14,0,4,16,3656,32,1.0,116992,0,0.0,0,0.184125428125,1897.5778546712802,0.0,47.0,4513,902600
red4,3,28.0,cwz_joint,4,32,configuration,awgn,1536,64,0.25,5,3,14,0,4,16,3656,32,1.0,116992,0,0.0,0,0.16975879374999997,1897.5778546712802,0.0,47.0,4513,902600
red4,3,28.0,lite,4,32,configuration,awgn,1536,64,0.25,5,3,14,0,4,16,3656,32,1.0,116992,0,0.0,0,0.12450092500000001,1897.5778546712802,0.0,47.0,4513,902600
red4,3,28.0,ofdm_fec,4,32,configuration,awgn,1536,64,0.25,5,3,14,0,4,16,3656,28,0.875,116992,9,7.692833698030635e-5,0,0.11753595624999999,1660.38062283737,0.0,47.0,4513,902600
red4,3,28.0,pfft,4,32,configuration,awgn,1536,64,0.25,5,3,14,0,4,16,3656,29,0.90625,116992,5,4.273796498905908e-5,0,0.1176153375,1719.6799307958477,0.0,47.0,4513,902600
red4,3,28.0,profiled_cz,4,32,configuration,awgn,1536,64,0.25,5,3,14,0,4,16,3656,32,1.0,116992,0,0.0,0,0.15907564062500004,1897.5778546712802,0.0,47.0,4513,902600
red4,3,30.0,cwz_joint,4,32,configuration,awgn,1536,64,0.25,5,3,14,0,4,16,3656,32,1.0,116992,0,0.0,0,0.15668419375000003,1897.5778546712802,0.0,47.0,4513,902600
red4,3,30.0,lite,4,32,configuration,awgn,1536,64,0.25,5,3,14,0,4,16,3656,32,1.0,116992,0,0.0,0,0.12802358750000004,1897.5778546712802,0.0,47.0,4513,902600
red4,3,30.0,ofdm_fec,4,32,configuration,awgn,1536,64,0.25,5,3,14,0,4,16,3656,29,0.90625,116992,6,5.1285557986870895e-5,0,0.12422663749999999,1719.6799307958477,0.0,47.0,4513,902600
red4,3,30.0,pfft,4,32,configuration,awgn,1536,64,0.25,5,3,14,0,4,16,3656,29,0.90625,116992,6,5.1285557986870895e-5,0,0.12439961875000004,1719.6799307958477,0.0,47.0,4513,902600
red4,3,30.0,profiled_cz,4,32,configuration,awgn,1536,64,0.25,5,3,14,0,4,16,3656,32,1.0,116992,0,0.0,0,0.16060849062500004,1897.5778546712802,0.0,47.0,4513,902600
