workload_id,snr_db,frame,algorithm_id,noise_model,capture_start_seconds,capture_stop_seconds,snapshot_index,snapshot_seconds,replay_support_end_seconds,frame_duration_seconds,frame_samples,payload_bits,payload_seed,noise_seed,replay_seed,optimizer_seed,bit_errors,success,decode_failure,partial_fft_parts,partial_fft_bands
red2:lane1:snr0.0:seed4:frame1,0.0,1,cwz_joint,awgn,0.0,8.0,1,0.0,1.0355208333333332,0.9933333333333333,9536,1616,4,4,4,4,634,false,false,4,16
red2:lane1:snr0.0:seed4:frame2,0.0,2,cwz_joint,awgn,0.0,8.0,96,0.9895833333333334,2.0251041666666665,0.9933333333333333,9536,1616,5,5,5,4,690,false,false,4,16
red2:lane1:snr0.0:seed4:frame3,0.0,3,cwz_joint,awgn,0.0,8.0,190,1.96875,3.004270833333333,0.9933333333333333,9536,1616,6,6,6,4,645,false,false,4,16
red2:lane1:snr0.0:seed4:frame4,0.0,4,cwz_joint,awgn,0.0,8.0,285,2.9583333333333335,3.993854166666667,0.9933333333333333,9536,1616,7,7,7,4,555,false,false,4,16
red2:lane1:snr0.0:seed4:frame5,0.0,5,cwz_joint,awgn,0.0,8.0,385,4.0,5.035520833333333,0.9933333333333333,9536,1616,8,8,8,4,623,false,false,4,16
red2:lane1:snr0.0:seed4:frame6,0.0,6,cwz_joint,awgn,0.0,8.0,480,4.989583333333333,6.025104166666666,0.9933333333333333,9536,1616,9,9,9,4,698,false,false,4,16
red2:lane1:snr0.0:seed4:frame7,0.0,7,cwz_joint,awgn,0.0,8.0,574,5.96875,7.004270833333333,0.9933333333333333,9536,1616,10,10,10,4,625,false,false,4,16
red2:lane1:snr0.0:seed4:frame8,0.0,8,cwz_joint,awgn,0.0,8.0,669,6.958333333333333,7.993854166666666,0.9933333333333333,9536,1616,11,11,11,4,594,false,false,4,16
red2:lane1:snr0.0:seed4:frame1,0.0,1,lite,awgn,0.0,8.0,1,0.0,1.0355208333333332,0.9933333333333333,9536,1616,4,4,4,4,754,false,false,4,16
red2:lane1:snr0.0:seed4:frame2,0.0,2,lite,awgn,0.0,8.0,96,0.9895833333333334,2.0251041666666665,0.9933333333333333,9536,1616,5,5,5,4,735,false,false,4,16
red2:lane1:snr0.0:seed4:frame3,0.0,3,lite,awgn,0.0,8.0,190,1.96875,3.004270833333333,0.9933333333333333,9536,1616,6,6,6,4,677,false,false,4,16
red2:lane1:snr0.0:seed4:frame4,0.0,4,lite,awgn,0.0,8.0,285,2.9583333333333335,3.993854166666667,0.9933333333333333,9536,1616,7,7,7,4,632,false,false,4,16
red2:lane1:snr0.0:seed4:frame5,0.0,5,lite,awgn,0.0,8.0,385,4.0,5.035520833333333,0.9933333333333333,9536,1616,8,8,8,4,708,false,false,4,16
red2:lane1:snr0.0:seed4:frame6,0.0,6,lite,awgn,0.0,8.0,480,4.989583333333333,6.025104166666666,0.9933333333333333,9536,1616,9,9,9,4,661,false,false,4,16
red2:lane1:snr0.0:seed4:frame7,0.0,7,lite,awgn,0.0,8.0,574,5.96875,7.004270833333333,0.9933333333333333,9536,1616,10,10,10,4,632,false,false,4,16
red2:lane1:snr0.0:seed4:frame8,0.0,8,lite,awgn,0.0,8.0,669,6.958333333333333,7.993854166666666,0.9933333333333333,9536,1616,11,11,11,4,676,false,false,4,16
red2:lane1:snr0.0:seed4:frame1,0.0,1,ofdm_fec,awgn,0.0,8.0,1,0.0,1.0355208333333332,0.9933333333333333,9536,1616,4,4,4,4,634,false,false,4,16
red2:lane1:snr0.0:seed4:frame2,0.0,2,ofdm_fec,awgn,0.0,8.0,96,0.9895833333333334,2.0251041666666665,0.9933333333333333,9536,1616,5,5,5,4,690,false,false,4,16
red2:lane1:snr0.0:seed4:frame3,0.0,3,ofdm_fec,awgn,0.0,8.0,190,1.96875,3.004270833333333,0.9933333333333333,9536,1616,6,6,6,4,645,false,false,4,16
red2:lane1:snr0.0:seed4:frame4,0.0,4,ofdm_fec,awgn,0.0,8.0,285,2.9583333333333335,3.993854166666667,0.9933333333333333,9536,1616,7,7,7,4,555,false,false,4,16
red2:lane1:snr0.0:seed4:frame5,0.0,5,ofdm_fec,awgn,0.0,8.0,385,4.0,5.035520833333333,0.9933333333333333,9536,1616,8,8,8,4,623,false,false,4,16
red2:lane1:snr0.0:seed4:frame6,0.0,6,ofdm_fec,awgn,0.0,8.0,480,4.989583333333333,6.025104166666666,0.9933333333333333,9536,1616,9,9,9,4,698,false,false,4,16
red2:lane1:snr0.0:seed4:frame7,0.0,7,ofdm_fec,awgn,0.0,8.0,574,5.96875,7.004270833333333,0.9933333333333333,9536,1616,10,10,10,4,625,false,false,4,16
red2:lane1:snr0.0:seed4:frame8,0.0,8,ofdm_fec,awgn,0.0,8.0,669,6.958333333333333,7.993854166666666,0.9933333333333333,9536,1616,11,11,11,4,594,false,false,4,16
red2:lane1:snr0.0:seed4:frame1,0.0,1,pfft,awgn,0.0,8.0,1,0.0,1.0355208333333332,0.9933333333333333,9536,1616,4,4,4,4,710,false,false,4,16
red2:lane1:snr0.0:seed4:frame2,0.0,2,pfft,awgn,0.0,8.0,96,0.9895833333333334,2.0251041666666665,0.9933333333333333,9536,1616,5,5,5,4,735,false,false,4,16
red2:lane1:snr0.0:seed4:frame3,0.0,3,pfft,awgn,0.0,8.0,190,1.96875,3.004270833333333,0.9933333333333333,9536,1616,6,6,6,4,677,false,false,4,16
red2:lane1:snr0.0:seed4:frame4,0.0,4,pfft,awgn,0.0,8.0,285,2.9583333333333335,3.993854166666667,0.9933333333333333,9536,1616,7,7,7,4,642,false,false,4,16
red2:lane1:snr0.0:seed4:frame5,0.0,5,pfft,awgn,0.0,8.0,385,4.0,5.035520833333333,0.9933333333333333,9536,1616,8,8,8,4,676,false,false,4,16
red2:lane1:snr0.0:seed4:frame6,0.0,6,pfft,awgn,0.0,8.0,480,4.989583333333333,6.025104166666666,0.9933333333333333,9536,1616,9,9,9,4,661,false,false,4,16
red2:lane1:snr0.0:seed4:frame7,0.0,7,pfft,awgn,0.0,8.0,574,5.96875,7.004270833333333,0.9933333333333333,9536,1616,10,10,10,4,603,false,false,4,16
red2:lane1:snr0.0:seed4:frame8,0.0,8,pfft,awgn,0.0,8.0,669,6.958333333333333,7.993854166666666,0.9933333333333333,9536,1616,11,11,11,4,676,false,false,4,16
red2:lane1:snr0.0:seed4:frame1,0.0,1,profiled_cz,awgn,0.0,8.0,1,0.0,1.0355208333333332,0.9933333333333333,9536,1616,4,4,4,4,634,false,false,4,16
red2:lane1:snr0.0:seed4:frame2,0.0,2,profiled_cz,awgn,0.0,8.0,96,0.9895833333333334,2.0251041666666665,0.9933333333333333,9536,1616,5,5,5,4,690,false,false,4,16
red2:lane1:snr0.0:seed4:frame3,0.0,3,profiled_cz,awgn,0.0,8.0,190,1.96875,3.004270833333333,0.9933333333333333,9536,1616,6,6,6,4,645,false,false,4,16
red2:lane1:snr0.0:seed4:frame4,0.0,4,profiled_cz,awgn,0.0,8.0,285,2.9583333333333335,3.993854166666667,0.9933333333333333,9536,1616,7,7,7,4,555,false,false,4,16
red2:lane1:snr0.0:seed4:frame5,0.0,5,profiled_cz,awgn,0.0,8.0,385,4.0,5.035520833333333,0.9933333333333333,9536,1616,8,8,8,4,623,false,false,4,16
red2:lane1:snr0.0:seed4:frame6,0.0,6,profiled_cz,awgn,0.0,8.0,480,4.989583333333333,6.025104166666666,0.9933333333333333,9536,1616,9,9,9,4,698,false,false,4,16
red2:lane1:snr0.0:seed4:frame7,0.0,7,profiled_cz,awgn,0.0,8.0,574,5.96875,7.004270833333333,0.9933333333333333,9536,1616,10,10,10,4,625,false,false,4,16
red2:lane1:snr0.0:seed4:frame8,0.0,8,profiled_cz,awgn,0.0,8.0,669,6.958333333333333,7.993854166666666,0.9933333333333333,9536,1616,11,11,11,4,594,false,false,4,16
red2:lane1:snr2.0:seed4:frame1,2.0,1,cwz_joint,awgn,0.0,8.0,1,0.0,1.0355208333333332,0.9933333333333333,9536,1616,4,4,4,4,626,false,false,4,16
red2:lane1:snr2.0:seed4:frame2,2.0,2,cwz_joint,awgn,0.0,8.0,96,0.9895833333333334,2.0251041666666665,0.9933333333333333,9536,1616,5,5,5,4,672,false,false,4,16
red2:lane1:snr2.0:seed4:frame3,2.0,3,cwz_joint,awgn,0.0,8.0,190,1.96875,3.004270833333333,0.9933333333333333,9536,1616,6,6,6,4,583,false,false,4,16
red2:lane1:snr2.0:seed4:frame4,2.0,4,cwz_joint,awgn,0.0,8.0,285,2.9583333333333335,3.993854166666667,0.9933333333333333,9536,1616,7,7,7,4,522,false,false,4,16
red2:lane1:snr2.0:seed4:frame5,2.0,5,cwz_joint,awgn,0.0,8.0,385,4.0,5.035520833333333,0.9933333333333333,9536,1616,8,8,8,4,564,false,false,4,16
red2:lane1:snr2.0:seed4:frame6,2.0,6,cwz_joint,awgn,0.0,8.0,480,4.989583333333333,6.025104166666666,0.9933333333333333,9536,1616,9,9,9,4,669,false,false,4,16
red2:lane1:snr2.0:seed4:frame7,2.0,7,cwz_joint,awgn,0.0,8.0,574,5.96875,7.004270833333333,0.9933333333333333,9536,1616,10,10,10,4,568,false,false,4,16
red2:lane1:snr2.0:seed4:frame8,2.0,8,cwz_joint,awgn,0.0,8.0,669,6.958333333333333,7.993854166666666,0.9933333333333333,9536,1616,11,11,11,4,567,false,false,4,16
red2:lane1:snr2.0:seed4:frame1,2.0,1,lite,awgn,0.0,8.0,1,0.0,1.0355208333333332,0.9933333333333333,9536,1616,4,4,4,4,720,false,false,4,16
red2:lane1:snr2.0:seed4:frame2,2.0,2,lite,awgn,0.0,8.0,96,0.9895833333333334,2.0251041666666665,0.9933333333333333,9536,1616,5,5,5,4,673,false,false,4,16
red2:lane1:snr2.0:seed4:frame3,2.0,3,lite,awgn,0.0,8.0,190,1.96875,3.004270833333333,0.9933333333333333,9536,1616,6,6,6,4,641,false,false,4,16
red2:lane1:snr2.0:seed4:frame4,2.0,4,lite,awgn,0.0,8.0,285,2.9583333333333335,3.993854166666667,0.9933333333333333,9536,1616,7,7,7,4,599,false,false,4,16
red2:lane1:snr2.0:seed4:frame5,2.0,5,lite,awgn,0.0,8.0,385,4.0,5.035520833333333,0.9933333333333333,9536,1616,8,8,8,4,633,false,false,4,16
red2:lane1:snr2.0:seed4:frame6,2.0,6,lite,awgn,0.0,8.0,480,4.989583333333333,6.025104166666666,0.9933333333333333,9536,1616,9,9,9,4,674,false,false,4,16
red2:lane1:snr2.0:seed4:frame7,2.0,7,lite,awgn,0.0,8.0,574,5.96875,7.004270833333333,0.9933333333333333,9536,1616,10,10,10,4,601,false,false,4,16
red2:lane1:snr2.0:seed4:frame8,2.0,8,lite,awgn,0.0,8.0,669,6.958333333333333,7.993854166666666,0.9933333333333333,9536,1616,11,11,11,4,617,false,false,4,16
red2:lane1:snr2.0:seed4:frame1,2.0,1,ofdm_fec,awgn,0.0,8.0,1,0.0,1.0355208333333332,0.9933333333333333,9536,1616,4,4,4,4,626,false,false,4,16
red2:lane1:snr2.0:seed4:frame2,2.0,2,ofdm_fec,awgn,0.0,8.0,96,0.9895833333333334,2.0251041666666665,0.9933333333333333,9536,1616,5,5,5,4,672,false,false,4,16
red2:lane1:snr2.0:seed4:frame3,2.0,3,ofdm_fec,awgn,0.0,8.0,190,1.96875,3.004270833333333,0.9933333333333333,9536,1616,6,6,6,4,583,false,false,4,16
red2:lane1:snr2.0:seed4:frame4,2.0,4,ofdm_fec,awgn,0.0,8.0,285,2.9583333333333335,3.993854166666667,0.9933333333333333,9536,1616,7,7,7,4,522,false,false,4,16
red2:lane1:snr2.0:seed4:frame5,2.0,5,ofdm_fec,awgn,0.0,8.0,385,4.0,5.035520833333333,0.9933333333333333,9536,1616,8,8,8,4,564,false,false,4,16
red2:lane1:snr2.0:seed4:frame6,2.0,6,ofdm_fec,awgn,0.0,8.0,480,4.989583333333333,6.025104166666666,0.9933333333333333,9536,1616,9,9,9,4,669,false,false,4,16
red2:lane1:snr2.0:seed4:frame7,2.0,7,ofdm_fec,awgn,0.0,8.0,574,5.96875,7.004270833333333,0.9933333333333333,9536,1616,10,10,10,4,568,false,false,4,16
red2:lane1:snr2.0:seed4:frame8,2.0,8,ofdm_fec,awgn,0.0,8.0,669,6.958333333333333,7.993854166666666,0.9933333333333333,9536,1616,11,11,11,4,567,false,false,4,16
red2:lane1:snr2.0:seed4:frame1,2.0,1,pfft,awgn,0.0,8.0,1,0.0,1.0355208333333332,0.9933333333333333,9536,1616,4,4,4,4,657,false,false,4,16
red2:lane1:snr2.0:seed4:frame2,2.0,2,pfft,awgn,0.0,8.0,96,0.9895833333333334,2.0251041666666665,0.9933333333333333,9536,1616,5,5,5,4,673,false,false,4,16
red2:lane1:snr2.0:seed4:frame3,2.0,3,pfft,awgn,0.0,8.0,190,1.96875,3.004270833333333,0.9933333333333333,9536,1616,6,6,6,4,641,false,false,4,16
red2:lane1:snr2.0:seed4:frame4,2.0,4,pfft,awgn,0.0,8.0,285,2.9583333333333335,3.993854166666667,0.9933333333333333,9536,1616,7,7,7,4,586,false,false,4,16
red2:lane1:snr2.0:seed4:frame5,2.0,5,pfft,awgn,0.0,8.0,385,4.0,5.035520833333333,0.9933333333333333,9536,1616,8,8,8,4,633,false,false,4,16
red2:lane1:snr2.0:seed4:frame6,2.0,6,pfft,awgn,0.0,8.0,480,4.989583333333333,6.025104166666666,0.9933333333333333,9536,1616,9,9,9,4,680,false,false,4,16
red2:lane1:snr2.0:seed4:frame7,2.0,7,pfft,awgn,0.0,8.0,574,5.96875,7.004270833333333,0.9933333333333333,9536,1616,10,10,10,4,601,false,false,4,16
red2:lane1:snr2.0:seed4:frame8,2.0,8,pfft,awgn,0.0,8.0,669,6.958333333333333,7.993854166666666,0.9933333333333333,9536,1616,11,11,11,4,622,false,false,4,16
red2:lane1:snr2.0:seed4:frame1,2.0,1,profiled_cz,awgn,0.0,8.0,1,0.0,1.0355208333333332,0.9933333333333333,9536,1616,4,4,4,4,626,false,false,4,16
red2:lane1:snr2.0:seed4:frame2,2.0,2,profiled_cz,awgn,0.0,8.0,96,0.9895833333333334,2.0251041666666665,0.9933333333333333,9536,1616,5,5,5,4,672,false,false,4,16
red2:lane1:snr2.0:seed4:frame3,2.0,3,profiled_cz,awgn,0.0,8.0,190,1.96875,3.004270833333333,0.9933333333333333,9536,1616,6,6,6,4,583,false,false,4,16
red2:lane1:snr2.0:seed4:frame4,2.0,4,profiled_cz,awgn,0.0,8.0,285,2.9583333333333335,3.993854166666667,0.9933333333333333,9536,1616,7,7,7,4,522,false,false,4,16
red2:lane1:snr2.0:seed4:frame5,2.0,5,profiled_cz,awgn,0.0,8.0,385,4.0,5.035520833333333,0.9933333333333333,9536,1616,8,8,8,4,564,false,false,4,16
red2:lane1:snr2.0:seed4:frame6,2.0,6,profiled_cz,awgn,0.0,8.0,480,4.989583333333333,6.025104166666666,0.9933333333333333,9536,1616,9,9,9,4,669,false,false,4,16
red2:lane1:snr2.0:seed4:frame7,2.0,7,profiled_cz,awgn,0.0,8.0,574,5.96875,7.004270833333333,0.9933333333333333,9536,1616,10,10,10,4,568,false,false,4,16
red2:lane1:snr2.0:seed4:frame8,2.0,8,profiled_cz,awgn,0.0,8.0,669,6.958333333333333,7.993854166666666,0.9933333333333333,9536,1616,11,11,11,4,567,false,false,4,16
red2:lane1:snr4.0:seed4:frame1,4.0,1,cwz_joint,awgn,0.0,8.0,1,0.0,1.0355208333333332,0.9933333333333333,9536,1616,4,4,4,4,562,false,false,4,16
red2:lane1:snr4.0:seed4:frame2,4.0,2,cwz_joint,awgn,0.0,8.0,96,0.9895833333333334,2.0251041666666665,0.9933333333333333,9536,1616,5,5,5,4,590,false,false,4,16
red2:lane1:snr4.0:seed4:frame3,4.0,3,cwz_joint,awgn,0.0,8.0,190,1.96875,3.004270833333333,0.9933333333333333,9536,1616,6,6,6,4,513,false,false,4,16
red2:lane1:snr4.0:seed4:frame4,4.0,4,cwz_joint,awgn,0.0,8.0,285,2.9583333333333335,3.993854166666667,0.9933333333333333,9536,1616,7,7,7,4,442,false,false,4,16
red2:lane1:snr4.0:seed4:frame5,4.0,5,cwz_joint,awgn,0.0,8.0,385,4.0,5.035520833333333,0.9933333333333333,9536,1616,8,8,8,4,524,false,false,4,16
red2:lane1:snr4.0:seed4:frame6,4.0,6,cwz_joint,awgn,0.0,8.0,480,4.989583333333333,6.025104166666666,0.9933333333333333,9536,1616,9,9,9,4,662,false,false,4,16
red2:lane1:snr4.0:seed4:frame7,4.0,7,cwz_joint,awgn,0.0,8.0,574,5.96875,7.004270833333333,0.9933333333333333,9536,1616,10,10,10,4,532,false,false,4,16
red2:lane1:snr4.0:seed4:frame8,4.0,8,cwz_joint,awgn,0.0,8.0,669,6.958333333333333,7.993854166666666,0.9933333333333333,9536,1616,11,11,11,4,506,false,false,4,16
red2:lane1:snr4.0:seed4:frame1,4.0,1,lite,awgn,0.0,8.0,1,0.0,1.0355208333333332,0.9933333333333333,9536,1616,4,4,4,4,634,false,false,4,16
red2:lane1:snr4.0:seed4:frame2,4.0,2,lite,awgn,0.0,8.0,96,0.9895833333333334,2.0251041666666665,0.9933333333333333,9536,1616,5,5,5,4,663,false,false,4,16
red2:lane1:snr4.0:seed4:frame3,4.0,3,lite,awgn,0.0,8.0,190,1.96875,3.004270833333333,0.9933333333333333,9536,1616,6,6,6,4,596,false,false,4,16
red2:lane1:snr4.0:seed4:frame4,4.0,4,lite,awgn,0.0,8.0,285,2.9583333333333335,3.993854166666667,0.9933333333333333,9536,1616,7,7,7,4,543,false,false,4,16
red2:lane1:snr4.0:seed4:frame5,4.0,5,lite,awgn,0.0,8.0,385,4.0,5.035520833333333,0.9933333333333333,9536,1616,8,8,8,4,603,false,false,4,16
red2:lane1:snr4.0:seed4:frame6,4.0,6,lite,awgn,0.0,8.0,480,4.989583333333333,6.025104166666666,0.9933333333333333,9536,1616,9,9,9,4,643,false,false,4,16
red2:lane1:snr4.0:seed4:frame7,4.0,7,lite,awgn,0.0,8.0,574,5.96875,7.004270833333333,0.9933333333333333,9536,1616,10,10,10,4,524,false,false,4,16
red2:lane1:snr4.0:seed4:frame8,4.0,8,lite,awgn,0.0,8.0,669,6.958333333333333,7.993854166666666,0.9933333333333333,9536,1616,11,11,11,4,585,false,false,4,16
red2:lane1:snr4.0:seed4:frame1,4.0,1,ofdm_fec,awgn,0.0,8.0,1,0.0,1.0355208333333332,0.9933333333333333,9536,1616,4,4,4,4,562,false,false,4,16
red2:lane1:snr4.0:seed4:frame2,4.0,2,ofdm_fec,awgn,0.0,8.0,96,0.9895833333333334,2.0251041666666665,0.9933333333333333,9536,1616,5,5,5,4,590,false,false,4,16
red2:lane1:snr4.0:seed4:frame3,4.0,3,ofdm_fec,awgn,0.0,8.0,190,1.96875,3.004270833333333,0.9933333333333333,9536,1616,6,6,6,4,513,false,false,4,16
red2:lane1:snr4.0:seed4:frame4,4.0,4,ofdm_fec,awgn,0.0,8.0,285,2.9583333333333335,3.993854166666667,0.9933333333333333,9536,1616,7,7,7,4,442,false,false,4,16
red2:lane1:snr4.0:seed4:frame5,4.0,5,ofdm_fec,awgn,0.0,8.0,385,4.0,5.035520833333333,0.9933333333333333,9536,1616,8,8,8,4,524,false,false,4,16
red2:lane1:snr4.0:seed4:frame6,4.0,6,ofdm_fec,awgn,0.0,8.0,480,4.989583333333333,6.025104166666666,0.9933333333333333,9536,1616,9,9,9,4,662,false,false,4,16
red2:lane1:snr4.0:seed4:frame7,4.0,7,ofdm_fec,awgn,0.0,8.0,574,5.96875,7.004270833333333,0.9933333333333333,9536,1616,10,10,10,4,532,false,false,4,16
red2:lane1:snr4.0:seed4:frame8,4.0,8,ofdm_fec,awgn,0.0,8.0,669,6.958333333333333,7.993854166666666,0.9933333333333333,9536,1616,11,11,11,4,506,false,false,4,16
red2:lane1:snr4.0:seed4:frame1,4.0,1,pfft,awgn,0.0,8.0,1,0.0,1.0355208333333332,0.9933333333333333,9536,1616,4,4,4,4,634,false,false,4,16
red2:lane1:snr4.0:seed4:frame2,4.0,2,pfft,awgn,0.0,8.0,96,0.9895833333333334,2.0251041666666665,0.9933333333333333,9536,1616,5,5,5,4,663,false,false,4,16
red2:lane1:snr4.0:seed4:frame3,4.0,3,pfft,awgn,0.0,8.0,190,1.96875,3.004270833333333,0.9933333333333333,9536,1616,6,6,6,4,596,false,false,4,16
red2:lane1:snr4.0:seed4:frame4,4.0,4,pfft,awgn,0.0,8.0,285,2.9583333333333335,3.993854166666667,0.9933333333333333,9536,1616,7,7,7,4,543,false,false,4,16
red2:lane1:snr4.0:seed4:frame5,4.0,5,pfft,awgn,0.0,8.0,385,4.0,5.035520833333333,0.9933333333333333,9536,1616,8,8,8,4,648,false,false,4,16
red2:lane1:snr4.0:seed4:frame6,4.0,6,pfft,awgn,0.0,8.0,480,4.989583333333333,6.025104166666666,0.9933333333333333,9536,1616,9,9,9,4,625,false,false,4,16
red2:lane1:snr4.0:seed4:frame7,4.0,7,pfft,awgn,0.0,8.0,574,5.96875,7.004270833333333,0.9933333333333333,9536,1616,10,10,10,4,524,false,false,4,16
red2:lane1:snr4.0:seed4:frame8,4.0,8,pfft,awgn,0.0,8.0,669,6.958333333333333,7.993854166666666,0.9933333333333333,9536,1616,11,11,11,4,579,false,false,4,16
red2:lane1:snr4.0:seed4:frame1,4.0,1,profiled_cz,awgn,0.0,8.0,1,0.0,1.0355208333333332,0.9933333333333333,9536,1616,4,4,4,4,562,false,false,4,16
red2:lane1:snr4.0:seed4:frame2,4.0,2,profiled_cz,awgn,0.0,8.0,96,0.9895833333333334,2.0251041666666665,0.9933333333333333,9536,1616,5,5,5,4,590,false,false,4,16
red2:lane1:snr4.0:seed4:frame3,4.0,3,profiled_cz,awgn,0.0,8.0,190,1.96875,3.004270833333333,0.9933333333333333,9536,1616,6,6,6,4,513,false,false,4,16
red2:lane1:snr4.0:seed4:frame4,4.0,4,profiled_cz,awgn,0.0,8.0,285,2.9583333333333335,3.993854166666667,0.9933333333333333,9536,1616,7,7,7,4,442,false,false,4,16
red2:lane1:snr4.0:seed4:frame5,4.0,5,profiled_cz,awgn,0.0,8.0,385,4.0,5.035520833333333,0.9933333333333333,9536,1616,8,8,8,4,524,false,false,4,16
red2:lane1:snr4.0:seed4:frame6,4.0,6,profiled_cz,awgn,0.0,8.0,480,4.989583333333333,6.025104166666666,0.9933333333333333,9536,1616,9,9,9,4,662,false,false,4,16
red2:lane1:snr4.0:seed4:frame7,4.0,7,profiled_cz,awgn,0.0,8.0,574,5.96875,7.004270833333333,0.9933333333333333,9536,1616,10,10,10,4,532,false,false,4,16
red2:lane1:snr4.0:seed4:frame8,4.0,8,profiled_cz,awgn,0.0,8.0,669,6.958333333333333,7.993854166666666,0.9933333333333333,9536,1616,11,11,11,4,506,false,false,4,16
red2:lane1:snr6.0:seed4:frame1,6.0,1,cwz_joint,awgn,0.0,8.0,1,0.0,1.0355208333333332,0.9933333333333333,9536,1616,4,4,4,4,527,false,false,4,16
red2:lane1:snr6.0:seed4:frame2,6.0,2,cwz_joint,awgn,0.0,8.0,96,0.9895833333333334,2.0251041666666665,0.9933333333333333,9536,1616,5,5,5,4,597,false,false,4,16
red2:lane1:snr6.0:seed4:frame3,6.0,3,cwz_joint,awgn,0.0,8.0,190,1.96875,3.004270833333333,0.9933333333333333,9536,1616,6,6,6,4,421,false,false,4,16
red2:lane1:snr6.0:seed4:frame4,6.0,4,cwz_joint,awgn,0.0,8.0,285,2.9583333333333335,3.993854166666667,0.9933333333333333,9536,1616,7,7,7,4,191,false,false,4,16
red2:lane1:snr6.0:seed4:frame5,6.0,5,cwz_joint,awgn,0.0,8.0,385,4.0,5.035520833333333,0.9933333333333333,9536,1616,8,8,8,4,460,false,false,4,16
red2:lane1:snr6.0:seed4:frame6,6.0,6,cwz_joint,awgn,0.0,8.0,480,4.989583333333333,6.025104166666666,0.9933333333333333,9536,1616,9,9,9,4,578,false,false,4,16
red2:lane1:snr6.0:seed4:frame7,6.0,7,cwz_joint,awgn,0.0,8.0,574,5.96875,7.004270833333333,0.9933333333333333,9536,1616,10,10,10,4,493,false,false,4,16
red2:lane1:snr6.0:seed4:frame8,6.0,8,cwz_joint,awgn,0.0,8.0,669,6.958333333333333,7.993854166666666,0.9933333333333333,9536,1616,11,11,11,4,470,false,false,4,16
red2:lane1:snr6.0:seed4:frame1,6.0,1,lite,awgn,0.0,8.0,1,0.0,1.0355208333333332,0.9933333333333333,9536,1616,4,4,4,4,572,false,false,4,16
red2:lane1:snr6.0:seed4:frame2,6.0,2,lite,awgn,0.0,8.0,96,0.9895833333333334,2.0251041666666665,0.9933333333333333,9536,1616,5,5,5,4,623,false,false,4,16
red2:lane1:snr6.0:seed4:frame3,6.0,3,lite,awgn,0.0,8.0,190,1.96875,3.004270833333333,0.9933333333333333,9536,1616,6,6,6,4,551,false,false,4,16
red2:lane1:snr6.0:seed4:frame4,6.0,4,lite,awgn,0.0,8.0,285,2.9583333333333335,3.993854166666667,0.9933333333333333,9536,1616,7,7,7,4,419,false,false,4,16
red2:lane1:snr6.0:seed4:frame5,6.0,5,lite,awgn,0.0,8.0,385,4.0,5.035520833333333,0.9933333333333333,9536,1616,8,8,8,4,555,false,false,4,16
red2:lane1:snr6.0:seed4:frame6,6.0,6,lite,awgn,0.0,8.0,480,4.989583333333333,6.025104166666666,0.9933333333333333,9536,1616,9,9,9,4,552,false,false,4,16
red2:lane1:snr6.0:seed4:frame7,6.0,7,lite,awgn,0.0,8.0,574,5.96875,7.004270833333333,0.9933333333333333,9536,1616,10,10,10,4,450,false,false,4,16
red2:lane1:snr6.0:seed4:frame8,6.0,8,lite,awgn,0.0,8.0,669,6.958333333333333,7.993854166666666,0.9933333333333333,9536,1616,11,11,11,4,495,false,false,4,16
red2:lane1:snr6.0:seed4:frame1,6.0,1,ofdm_fec,awgn,0.0,8.0,1,0.0,1.0355208333333332,0.9933333333333333,9536,1616,4,4,4,4,527,false,false,4,16
red2:lane1:snr6.0:seed4:frame2,6.0,2,ofdm_fec,awgn,0.0,8.0,96,0.9895833333333334,2.0251041666666665,0.9933333333333333,9536,1616,5,5,5,4,597,false,false,4,16
red2:lane1:snr6.0:seed4:frame3,6.0,3,ofdm_fec,awgn,0.0,8.0,190,1.96875,3.004270833333333,0.9933333333333333,9536,1616,6,6,6,4,421,false,false,4,16
red2:lane1:snr6.0:seed4:frame4,6.0,4,ofdm_fec,awgn,0.0,8.0,285,2.9583333333333335,3.993854166666667,0.9933333333333333,9536,1616,7,7,7,4,191,false,false,4,16
red2:lane1:snr6.0:seed4:frame5,6.0,5,ofdm_fec,awgn,0.0,8.0,385,4.0,5.035520833333333,0.9933333333333333,9536,1616,8,8,8,4,460,false,false,4,16
red2:lane1:snr6.0:seed4:frame6,6.0,6,ofdm_fec,awgn,0.0,8.0,480,4.989583333333333,6.025104166666666,0.9933333333333333,9536,1616,9,9,9,4,578,false,false,4,16
red2:lane1:snr6.0:seed4:frame7,6.0,7,ofdm_fec,awgn,0.0,8.0,574,5.96875,7.004270833333333,0.9933333333333333,9536,1616,10,10,10,4,493,false,false,4,16
red2:lane1:snr6.0:seed4:frame8,6.0,8,ofdm_fec,awgn,0.0,8.0,669,6.958333333333333,7.993854166666666,0.9933333333333333,9536,1616,11,11,11,4,470,false,false,4,16
red2:lane1:snr6.0:seed4:frame1,6.0,1,pfft,awgn,0.0,8.0,1,0.0,1.0355208333333332,0.9933333333333333,9536,1616,4,4,4,4,603,false,false,4,16
red2:lane1:snr6.0:seed4:frame2,6.0,2,pfft,awgn,0.0,8.0,96,0.9895833333333334,2.0251041666666665,0.9933333333333333,9536,1616,5,5,5,4,619,false,false,4,16
red2:lane1:snr6.0:seed4:frame3,6.0,3,pfft,awgn,0.0,8.0,190,1.96875,3.004270833333333,0.9933333333333333,9536,1616,6,6,6,4,551,false,false,4,16
red2:lane1:snr6.0:seed4:frame4,6.0,4,pfft,awgn,0.0,8.0,285,2.9583333333333335,3.993854166666667,0.9933333333333333,9536,1616,7,7,7,4,452,false,false,4,16
red2:lane1:snr6.0:seed4:frame5,6.0,5,pfft,awgn,0.0,8.0,385,4.0,5.035520833333333,0.9933333333333333,9536,1616,8,8,8,4,555,false,false,4,16
red2:lane1:snr6.0:seed4:frame6,6.0,6,pfft,awgn,0.0,8.0,480,4.989583333333333,6.025104166666666,0.9933333333333333,9536,1616,9,9,9,4,572,false,false,4,16
red2:lane1:snr6.0:seed4:frame7,6.0,7,pfft,awgn,0.0,8.0,574,5.96875,7.004270833333333,0.9933333333333333,9536,1616,10,10,10,4,491,false,false,4,16
red2:lane1:snr6.0:seed4:frame8,6.0,8,pfft,awgn,0.0,8.0,669,6.958333333333333,7.993854166666666,0.9933333333333333,9536,1616,11,11,11,4,558,false,false,4,16
red2:lane1:snr6.0:seed4:frame1,6.0,1,profiled_cz,awgn,0.0,8.0,1,0.0,1.0355208333333332,0.9933333333333333,9536,1616,4,4,4,4,527,false,false,4,16
red2:lane1:snr6.0:seed4:frame2,6.0,2,profiled_cz,awgn,0.0,8.0,96,0.9895833333333334,2.0251041666666665,0.9933333333333333,9536,1616,5,5,5,4,597,false,false,4,16
red2:lane1:snr6.0:seed4:frame3,6.0,3,profiled_cz,awgn,0.0,8.0,190,1.96875,3.004270833333333,0.9933333333333333,9536,1616,6,6,6,4,421,false,false,4,16
red2:lane1:snr6.0:seed4:frame4,6.0,4,profiled_cz,awgn,0.0,8.0,285,2.9583333333333335,3.993854166666667,0.9933333333333333,9536,1616,7,7,7,4,191,false,false,4,16
red2:lane1:snr6.0:seed4:frame5,6.0,5,profiled_cz,awgn,0.0,8.0,385,4.0,5.035520833333333,0.9933333333333333,9536,1616,8,8,8,4,460,false,false,4,16
red2:lane1:snr6.0:seed4:frame6,6.0,6,profiled_cz,awgn,0.0,8.0,480,4.989583333333333,6.025104166666666,0.9933333333333333,9536,1616,9,9,9,4,578,false,false,4,16
red2:lane1:snr6.0:seed4:frame7,6.0,7,profiled_cz,awgn,0.0,8.0,574,5.96875,7.004270833333333,0.9933333333333333,9536,1616,10,10,10,4,493,false,false,4,16
red2:lane1:snr6.0:seed4:frame8,6.0,8,profiled_cz,awgn,0.0,8.0,669,6.958333333333333,7.993854166666666,0.9933333333333333,9536,1616,11,11,11,4,470,false,false,4,16
red2:lane1:snr8.0:seed4:frame1,8.0,1,cwz_joint,awgn,0.0,8.0,1,0.0,1.0355208333333332,0.9933333333333333,9536,1616,4,4,4,4,469,false,false,4,16
red2:lane1:snr8.0:seed4:frame2,8.0,2,cwz_joint,awgn,0.0,8.0,96,0.9895833333333334,2.0251041666666665,0.9933333333333333,9536,1616,5,5,5,4,586,false,false,4,16
red2:lane1:snr8.0:seed4:frame3,8.0,3,cwz_joint,awgn,0.0,8.0,190,1.96875,3.004270833333333,0.9933333333333333,9536,1616,6,6,6,4,3,false,false,4,16
red2:lane1:snr8.0:seed4:frame4,8.0,4,cwz_joint,awgn,0.0,8.0,285,2.9583333333333335,3.993854166666667,0.9933333333333333,9536,1616,7,7,7,4,4,false,false,4,16
red2:lane1:snr8.0:seed4:frame5,8.0,5,cwz_joint,awgn,0.0,8.0,385,4.0,5.035520833333333,0.9933333333333333,9536,1616,8,8,8,4,268,false,false,4,16
red2:lane1:snr8.0:seed4:frame6,8.0,6,cwz_joint,awgn,0.0,8.0,480,4.989583333333333,6.025104166666666,0.9933333333333333,9536,1616,9,9,9,4,568,false,false,4,16
red2:lane1:snr8.0:seed4:frame7,8.0,7,cwz_joint,awgn,0.0,8.0,574,5.96875,7.004270833333333,0.9933333333333333,9536,1616,10,10,10,4,409,false,false,4,16
red2:lane1:snr8.0:seed4:frame8,8.0,8,cwz_joint,awgn,0.0,8.0,669,6.958333333333333,7.993854166666666,0.9933333333333333,9536,1616,11,11,11,4,186,false,false,4,16
red2:lane1:snr8.0:seed4:frame1,8.0,1,lite,awgn,0.0,8.0,1,0.0,1.0355208333333332,0.9933333333333333,9536,1616,4,4,4,4,586,false,false,4,16
red2:lane1:snr8.0:seed4:frame2,8.0,2,lite,awgn,0.0,8.0,96,0.9895833333333334,2.0251041666666665,0.9933333333333333,9536,1616,5,5,5,4,562,false,false,4,16
red2:lane1:snr8.0:seed4:frame3,8.0,3,lite,awgn,0.0,8.0,190,1.96875,3.004270833333333,0.9933333333333333,9536,1616,6,6,6,4,509,false,false,4,16
red2:lane1:snr8.0:seed4:frame4,8.0,4,lite,awgn,0.0,8.0,285,2.9583333333333335,3.993854166666667,0.9933333333333333,9536,1616,7,7,7,4,349,false,false,4,16
red2:lane1:snr8.0:seed4:frame5,8.0,5,lite,awgn,0.0,8.0,385,4.0,5.035520833333333,0.9933333333333333,9536,1616,8,8,8,4,512,false,false,4,16
red2:lane1:snr8.0:seed4:frame6,8.0,6,lite,awgn,0.0,8.0,480,4.989583333333333,6.025104166666666,0.9933333333333333,9536,1616,9,9,9,4,570,false,false,4,16
red2:lane1:snr8.0:seed4:frame7,8.0,7,lite,awgn,0.0,8.0,574,5.96875,7.004270833333333,0.9933333333333333,9536,1616,10,10,10,4,409,false,false,4,16
red2:lane1:snr8.0:seed4:frame8,8.0,8,lite,awgn,0.0,8.0,669,6.958333333333333,7.993854166666666,0.9933333333333333,9536,1616,11,11,11,4,465,false,false,4,16
red2:lane1:snr8.0:seed4:frame1,8.0,1,ofdm_fec,awgn,0.0,8.0,1,0.0,1.0355208333333332,0.9933333333333333,9536,1616,4,4,4,4,469,false,false,4,16
red2:lane1:snr8.0:seed4:frame2,8.0,2,ofdm_fec,awgn,0.0,8.0,96,0.9895833333333334,2.0251041666666665,0.9933333333333333,9536,1616,5,5,5,4,586,false,false,4,16
red2:lane1:snr8.0:seed4:frame3,8.0,3,ofdm_fec,awgn,0.0,8.0,190,1.96875,3.004270833333333,0.9933333333333333,9536,1616,6,6,6,4,3,false,false,4,16
red2:lane1:snr8.0:seed4:frame4,8.0,4,ofdm_fec,awgn,0.0,8.0,285,2.9583333333333335,3.993854166666667,0.9933333333333333,9536,1616,7,7,7,4,4,false,false,4,16
red2:lane1:snr8.0:seed4:frame5,8.0,5,ofdm_fec,awgn,0.0,8.0,385,4.0,5.035520833333333,0.9933333333333333,9536,1616,8,8,8,4,268,false,false,4,16
red2:lane1:snr8.0:seed4:frame6,8.0,6,ofdm_fec,awgn,0.0,8.0,480,4.989583333333333,6.025104166666666,0.9933333333333333,9536,1616,9,9,9,4,568,false,false,4,16
red2:lane1:snr8.0:seed4:frame7,8.0,7,ofdm_fec,awgn,0.0,8.0,574,5.96875,7.004270833333333,0.9933333333333333,9536,1616,10,10,10,4,409,false,false,4,16
red2:lane1:snr8.0:seed4:frame8,8.0,8,ofdm_fec,awgn,0.0,8.0,669,6.958333333333333,7.993854166666666,0.9933333333333333,9536,1616,11,11,11,4,186,false,false,4,16
red2:lane1:snr8.0:seed4:frame1,8.0,1,pfft,awgn,0.0,8.0,1,0.0,1.0355208333333332,0.9933333333333333,9536,1616,4,4,4,4,586,false,false,4,16
red2:lane1:snr8.0:seed4:frame2,8.0,2,pfft,awgn,0.0,8.0,96,0.9895833333333334,2.0251041666666665,0.9933333333333333,9536,1616,5,5,5,4,562,false,false,4,16
red2:lane1:snr8.0:seed4:frame3,8.0,3,pfft,awgn,0.0,8.0,190,1.96875,3.004270833333333,0.9933333333333333,9536,1616,6,6,6,4,509,false,false,4,16
red2:lane1:snr8.0:seed4:frame4,8.0,4,pfft,awgn,0.0,8.0,285,2.9583333333333335,3.993854166666667,0.9933333333333333,9536,1616,7,7,7,4,397,false,false,4,16
red2:lane1:snr8.0:seed4:frame5,8.0,5,pfft,awgn,0.0,8.0,385,4.0,5.035520833333333,0.9933333333333333,9536,1616,8,8,8,4,537,false,false,4,16
red2:lane1:snr8.0:seed4:frame6,8.0,6,pfft,awgn,0.0,8.0,480,4.989583333333333,6.025104166666666,0.9933333333333333,9536,1616,9,9,9,4,570,false,false,4,16
red2:lane1:snr8.0:seed4:frame7,8.0,7,pfft,awgn,0.0,8.0,574,5.96875,7.004270833333333,0.9933333333333333,9536,1616,10,10,10,4,407,false,false,4,16
red2:lane1:snr8.0:seed4:frame8,8.0,8,pfft,awgn,0.0,8.0,669,6.958333333333333,7.993854166666666,0.9933333333333333,9536,1616,11,11,11,4,505,false,false,4,16
red2:lane1:snr8.0:seed4:frame1,8.0,1,profiled_cz,awgn,0.0,8.0,1,0.0,1.0355208333333332,0.9933333333333333,9536,1616,4,4,4,4,469,false,false,4,16
red2:lane1:snr8.0:seed4:frame2,8.0,2,profiled_cz,awgn,0.0,8.0,96,0.9895833333333334,2.0251041666666665,0.9933333333333333,9536,1616,5,5,5,4,586,false,false,4,16
red2:lane1:snr8.0:seed4:frame3,8.0,3,profiled_cz,awgn,0.0,8.0,190,1.96875,3.004270833333333,0.9933333333333333,9536,1616,6,6,6,4,3,false,false,4,16
red2:lane1:snr8.0:seed4:frame4,8.0,4,profiled_cz,awgn,0.0,8.0,285,2.9583333333333335,3.993854166666667,0.9933333333333333,9536,1616,7,7,7,4,4,false,false,4,16
red2:lane1:snr8.0:seed4:frame5,8.0,5,profiled_cz,awgn,0.0,8.0,385,4.0,5.035520833333333,0.9933333333333333,9536,1616,8,8,8,4,268,false,false,4,16
red2:lane1:snr8.0:seed4:frame6,8.0,6,profiled_cz,awgn,0.0,8.0,480,4.989583333333333,6.025104166666666,0.9933333333333333,9536,1616,9,9,9,4,568,false,false,4,16
red2:lane1:snr8.0:seed4:frame7,8.0,7,profiled_cz,awgn,0.0,8.0,574,5.96875,7.004270833333333,0.9933333333333333,9536,1616,10,10,10,4,409,false,false,4,16
red2:lane1:snr8.0:seed4:frame8,8.0,8,profiled_cz,awgn,0.0,8.0,669,6.958333333333333,7.993854166666666,0.9933333333333333,9536,1616,11,11,11,4,186,false,false,4,16
red2:lane1:snr10.0:seed4:frame1,10.0,1,cwz_joint,awgn,0.0,8.0,1,0.0,1.0355208333333332,0.9933333333333333,9536,1616,4,4,4,4,452,false,false,4,16
red2:lane1:snr10.0:seed4:frame2,10.0,2,cwz_joint,awgn,0.0,8.0,96,0.9895833333333334,2.0251041666666665,0.9933333333333333,9536,1616,5,5,5,4,527,false,false,4,16
red2:lane1:snr10.0:seed4:frame3,10.0,3,cwz_joint,awgn,0.0,8.0,190,1.96875,3.004270833333333,0.9933333333333333,9536,1616,6,6,6,4,0,true,false,4,16
red2:lane1:snr10.0:seed4:frame4,10.0,4,cwz_joint,awgn,0.0,8.0,285,2.9583333333333335,3.993854166666667,0.9933333333333333,9536,1616,7,7,7,4,1,false,false,4,16
red2:lane1:snr10.0:seed4:frame5,10.0,5,cwz_joint,awgn,0.0,8.0,385,4.0,5.035520833333333,0.9933333333333333,9536,1616,8,8,8,4,5,false,false,4,16
red2:lane1:snr10.0:seed4:frame6,10.0,6,cwz_joint,awgn,0.0,8.0,480,4.989583333333333,6.025104166666666,0.9933333333333333,9536,1616,9,9,9,4,504,false,false,4,16
red2:lane1:snr10.0:seed4:frame7,10.0,7,cwz_joint,awgn,0.0,8.0,574,5.96875,7.004270833333333,0.9933333333333333,9536,1616,10,10,10,4,150,false,false,4,16
red2:lane1:snr10.0:seed4:frame8,10.0,8,cwz_joint,awgn,0.0,8.0,669,6.958333333333333,7.993854166666666,0.9933333333333333,9536,1616,11,11,11,4,3,false,false,4,16
red2:lane1:snr10.0:seed4:frame1,10.0,1,lite,awgn,0.0,8.0,1,0.0,1.0355208333333332,0.9933333333333333,9536,1616,4,4,4,4,531,false,false,4,16
red2:lane1:snr10.0:seed4:frame2,10.0,2,lite,awgn,0.0,8.0,96,0.9895833333333334,2.0251041666666665,0.9933333333333333,9536,1616,5,5,5,4,553,false,false,4,16
red2:lane1:snr10.0:seed4:frame3,10.0,3,lite,awgn,0.0,8.0,190,1.96875,3.004270833333333,0.9933333333333333,9536,1616,6,6,6,4,309,false,false,4,16
red2:lane1:snr10.0:seed4:frame4,10.0,4,lite,awgn,0.0,8.0,285,2.9583333333333335,3.993854166666667,0.9933333333333333,9536,1616,7,7,7,4,1,false,false,4,16
red2:lane1:snr10.0:seed4:frame5,10.0,5,lite,awgn,0.0,8.0,385,4.0,5.035520833333333,0.9933333333333333,9536,1616,8,8,8,4,491,false,false,4,16
red2:lane1:snr10.0:seed4:frame6,10.0,6,lite,awgn,0.0,8.0,480,4.989583333333333,6.025104166666666,0.9933333333333333,9536,1616,9,9,9,4,509,false,false,4,16
red2:lane1:snr10.0:seed4:frame7,10.0,7,lite,awgn,0.0,8.0,574,5.96875,7.004270833333333,0.9933333333333333,9536,1616,10,10,10,4,2,false,false,4,16
red2:lane1:snr10.0:seed4:frame8,10.0,8,lite,awgn,0.0,8.0,669,6.958333333333333,7.993854166666666,0.9933333333333333,9536,1616,11,11,11,4,471,false,false,4,16
red2:lane1:snr10.0:seed4:frame1,10.0,1,ofdm_fec,awgn,0.0,8.0,1,0.0,1.0355208333333332,0.9933333333333333,9536,1616,4,4,4,4,452,false,false,4,16
red2:lane1:snr10.0:seed4:frame2,10.0,2,ofdm_fec,awgn,0.0,8.0,96,0.9895833333333334,2.0251041666666665,0.9933333333333333,9536,1616,5,5,5,4,527,false,false,4,16
red2:lane1:snr10.0:seed4:frame3,10.0,3,ofdm_fec,awgn,0.0,8.0,190,1.96875,3.004270833333333,0.9933333333333333,9536,1616,6,6,6,4,0,true,false,4,16
red2:lane1:snr10.0:seed4:frame4,10.0,4,ofdm_fec,awgn,0.0,8.0,285,2.9583333333333335,3.993854166666667,0.9933333333333333,9536,1616,7,7,7,4,1,false,false,4,16
red2:lane1:snr10.0:seed4:frame5,10.0,5,ofdm_fec,awgn,0.0,8.0,385,4.0,5.035520833333333,0.9933333333333333,9536,1616,8,8,8,4,5,false,false,4,16
red2:lane1:snr10.0:seed4:frame6,10.0,6,ofdm_fec,awgn,0.0,8.0,480,4.989583333333333,6.025104166666666,0.9933333333333333,9536,1616,9,9,9,4,504,false,false,4,16
red2:lane1:snr10.0:seed4:frame7,10.0,7,ofdm_fec,awgn,0.0,8.0,574,5.96875,7.004270833333333,0.9933333333333333,9536,1616,10,10,10,4,150,false,false,4,16
red2:lane1:snr10.0:seed4:frame8,10.0,8,ofdm_fec,awgn,0.0,8.0,669,6.958333333333333,7.993854166666666,0.9933333333333333,9536,1616,11,11,11,4,3,false,false,4,16
red2:lane1:snr10.0:seed4:frame1,10.0,1,pfft,awgn,0.0,8.0,1,0.0,1.0355208333333332,0.9933333333333333,9536,1616,4,4,4,4,564,false,false,4,16
red2:lane1:snr10.0:seed4:frame2,10.0,2,pfft,awgn,0.0,8.0,96,0.9895833333333334,2.0251041666666665,0.9933333333333333,9536,1616,5,5,5,4,528,false,false,4,16
red2:lane1:snr10.0:seed4:frame3,10.0,3,pfft,awgn,0.0,8.0,190,1.96875,3.004270833333333,0.9933333333333333,9536,1616,6,6,6,4,452,false,false,4,16
red2:lane1:snr10.0:seed4:frame4,10.0,4,pfft,awgn,0.0,8.0,285,2.9583333333333335,3.993854166666667,0.9933333333333333,9536,1616,7,7,7,4,12,false,false,4,16
red2:lane1:snr10.0:seed4:frame5,10.0,5,pfft,awgn,0.0,8.0,385,4.0,5.035520833333333,0.9933333333333333,9536,1616,8,8,8,4,491,false,false,4,16
red2:lane1:snr10.0:seed4:frame6,10.0,6,pfft,awgn,0.0,8.0,480,4.989583333333333,6.025104166666666,0.9933333333333333,9536,1616,9,9,9,4,509,false,false,4,16
red2:lane1:snr10.0:seed4:frame7,10.0,7,pfft,awgn,0.0,8.0,574,5.96875,7.004270833333333,0.9933333333333333,9536,1616,10,10,10,4,365,false,false,4,16
red2:lane1:snr10.0:seed4:frame8,10.0,8,pfft,awgn,0.0,8.0,669,6.958333333333333,7.993854166666666,0.9933333333333333,9536,1616,11,11,11,4,471,false,false,4,16
red2:lane1:snr10.0:seed4:frame1,10.0,1,profiled_cz,awgn,0.0,8.0,1,0.0,1.0355208333333332,0.9933333333333333,9536,1616,4,4,4,4,452,false,false,4,16
red2:lane1:snr10.0:seed4:frame2,10.0,2,profiled_cz,awgn,0.0,8.0,96,0.9895833333333334,2.0251041666666665,0.9933333333333333,9536,1616,5,5,5,4,527,false,false,4,16
red2:lane1:snr10.0:seed4:frame3,10.0,3,profiled_cz,awgn,0.0,8.0,190,1.96875,3.004270833333333,0.9933333333333333,9536,1616,6,6,6,4,0,true,false,4,16
red2:lane1:snr10.0:seed4:frame4,10.0,4,profiled_cz,awgn,0.0,8.0,285,2.9583333333333335,3.993854166666667,0.9933333333333333,9536,1616,7,7,7,4,1,false,false,4,16
red2:lane1:snr10.0:seed4:frame5,10.0,5,profiled_cz,awgn,0.0,8.0,385,4.0,5.035520833333333,0.9933333333333333,9536,1616,8,8,8,4,5,false,false,4,16
red2:lane1:snr10.0:seed4:frame6,10.0,6,profiled_cz,awgn,0.0,8.0,480,4.989583333333333,6.025104166666666,0.9933333333333333,9536,1616,9,9,9,4,504,false,false,4,16
red2:lane1:snr10.0:seed4:frame7,10.0,7,profiled_cz,awgn,0.0,8.0,574,5.96875,7.004270833333333,0.9933333333333333,9536,1616,10,10,10,4,150,false,false,4,16
red2:lane1:snr10.0:seed4:frame8,10.0,8,profiled_cz,awgn,0.0,8.0,669,6.958333333333333,7.993854166666666,0.9933333333333333,9536,1616,11,11,11,4,3,false,false,4,16
red2:lane1:snr12.0:seed4:frame1,12.0,1,cwz_joint,awgn,0.0,8.0,1,0.0,1.0355208333333332,0.9933333333333333,9536,1616,4,4,4,4,424,false,false,4,16
red2:lane1:snr12.0:seed4:frame2,12.0,2,cwz_joint,awgn,0.0,8.0,96,0.9895833333333334,2.0251041666666665,0.9933333333333333,9536,1616,5,5,5,4,492,false,false,4,16
red2:lane1:snr12.0:seed4:frame3,12.0,3,cwz_joint,awgn,0.0,8.0,190,1.96875,3.004270833333333,0.9933333333333333,9536,1616,6,6,6,4,0,true,false,4,16
red2:lane1:snr12.0:seed4:frame4,12.0,4,cwz_joint,awgn,0.0,8.0,285,2.9583333333333335,3.993854166666667,0.9933333333333333,9536,1616,7,7,7,4,2,false,false,4,16
red2:lane1:snr12.0:seed4:frame5,12.0,5,cwz_joint,awgn,0.0,8.0,385,4.0,5.035520833333333,0.9933333333333333,9536,1616,8,8,8,4,5,false,false,4,16
red2:lane1:snr12.0:seed4:frame6,12.0,6,cwz_joint,awgn,0.0,8.0,480,4.989583333333333,6.025104166666666,0.9933333333333333,9536,1616,9,9,9,4,501,false,false,4,16
red2:lane1:snr12.0:seed4:frame7,12.0,7,cwz_joint,awgn,0.0,8.0,574,5.96875,7.004270833333333,0.9933333333333333,9536,1616,10,10,10,4,3,false,false,4,16
red2:lane1:snr12.0:seed4:frame8,12.0,8,cwz_joint,awgn,0.0,8.0,669,6.958333333333333,7.993854166666666,0.9933333333333333,9536,1616,11,11,11,4,2,false,false,4,16
red2:lane1:snr12.0:seed4:frame1,12.0,1,lite,awgn,0.0,8.0,1,0.0,1.0355208333333332,0.9933333333333333,9536,1616,4,4,4,4,536,false,false,4,16
red2:lane1:snr12.0:seed4:frame2,12.0,2,lite,awgn,0.0,8.0,96,0.9895833333333334,2.0251041666666665,0.9933333333333333,9536,1616,5,5,5,4,401,false,false,4,16
red2:lane1:snr12.0:seed4:frame3,12.0,3,lite,awgn,0.0,8.0,190,1.96875,3.004270833333333,0.9933333333333333,9536,1616,6,6,6,4,1,false,false,4,16
red2:lane1:snr12.0:seed4:frame4,12.0,4,lite,awgn,0.0,8.0,285,2.9583333333333335,3.993854166666667,0.9933333333333333,9536,1616,7,7,7,4,1,false,false,4,16
red2:lane1:snr12.0:seed4:frame5,12.0,5,lite,awgn,0.0,8.0,385,4.0,5.035520833333333,0.9933333333333333,9536,1616,8,8,8,4,393,false,false,4,16
red2:lane1:snr12.0:seed4:frame6,12.0,6,lite,awgn,0.0,8.0,480,4.989583333333333,6.025104166666666,0.9933333333333333,9536,1616,9,9,9,4,504,false,false,4,16
red2:lane1:snr12.0:seed4:frame7,12.0,7,lite,awgn,0.0,8.0,574,5.96875,7.004270833333333,0.9933333333333333,9536,1616,10,10,10,4,1,false,false,4,16
red2:lane1:snr12.0:seed4:frame8,12.0,8,lite,awgn,0.0,8.0,669,6.958333333333333,7.993854166666666,0.9933333333333333,9536,1616,11,11,11,4,289,false,false,4,16
red2:lane1:snr12.0:seed4:frame1,12.0,1,ofdm_fec,awgn,0.0,8.0,1,0.0,1.0355208333333332,0.9933333333333333,9536,1616,4,4,4,4,424,false,false,4,16
red2:lane1:snr12.0:seed4:frame2,12.0,2,ofdm_fec,awgn,0.0,8.0,96,0.9895833333333334,2.0251041666666665,0.9933333333333333,9536,1616,5,5,5,4,492,false,false,4,16
red2:lane1:snr12.0:seed4:frame3,12.0,3,ofdm_fec,awgn,0.0,8.0,190,1.96875,3.004270833333333,0.9933333333333333,9536,1616,6,6,6,4,0,true,false,4,16
red2:lane1:snr12.0:seed4:frame4,12.0,4,ofdm_fec,awgn,0.0,8.0,285,2.9583333333333335,3.993854166666667,0.9933333333333333,9536,1616,7,7,7,4,2,false,false,4,16
red2:lane1:snr12.0:seed4:frame5,12.0,5,ofdm_fec,awgn,0.0,8.0,385,4.0,5.035520833333333,0.9933333333333333,9536,1616,8,8,8,4,5,false,false,4,16
red2:lane1:snr12.0:seed4:frame6,12.0,6,ofdm_fec,awgn,0.0,8.0,480,4.989583333333333,6.025104166666666,0.9933333333333333,9536,1616,9,9,9,4,501,false,false,4,16
red2:lane1:snr12.0:seed4:frame7,12.0,7,ofdm_fec,awgn,0.0,8.0,574,5.96875,7.004270833333333,0.9933333333333333,9536,1616,10,10,10,4,3,false,false,4,16
red2:lane1:snr12.0:seed4:frame8,12.0,8,ofdm_fec,awgn,0.0,8.0,669,6.958333333333333,7.993854166666666,0.9933333333333333,9536,1616,11,11,11,4,2,false,false,4,16
red2:lane1:snr12.0:seed4:frame1,12.0,1,pfft,awgn,0.0,8.0,1,0.0,1.0355208333333332,0.9933333333333333,9536,1616,4,4,4,4,536,false,false,4,16
red2:lane1:snr12.0:seed4:frame2,12.0,2,pfft,awgn,0.0,8.0,96,0.9895833333333334,2.0251041666666665,0.9933333333333333,9536,1616,5,5,5,4,469,false,false,4,16
red2:lane1:snr12.0:seed4:frame3,12.0,3,pfft,awgn,0.0,8.0,190,1.96875,3.004270833333333,0.9933333333333333,9536,1616,6,6,6,4,407,false,false,4,16
red2:lane1:snr12.0:seed4:frame4,12.0,4,pfft,awgn,0.0,8.0,285,2.9583333333333335,3.993854166666667,0.9933333333333333,9536,1616,7,7,7,4,5,false,false,4,16
red2:lane1:snr12.0:seed4:frame5,12.0,5,pfft,awgn,0.0,8.0,385,4.0,5.035520833333333,0.9933333333333333,9536,1616,8,8,8,4,490,false,false,4,16
red2:lane1:snr12.0:seed4:frame6,12.0,6,pfft,awgn,0.0,8.0,480,4.989583333333333,6.025104166666666,0.9933333333333333,9536,1616,9,9,9,4,504,false,false,4,16
red2:lane1:snr12.0:seed4:frame7,12.0,7,pfft,awgn,0.0,8.0,574,5.96875,7.004270833333333,0.9933333333333333,9536,1616,10,10,10,4,286,false,false,4,16
red2:lane1:snr12.0:seed4:frame8,12.0,8,pfft,awgn,0.0,8.0,669,6.958333333333333,7.993854166666666,0.9933333333333333,9536,1616,11,11,11,4,467,false,false,4,16
red2:lane1:snr12.0:seed4:frame1,12.0,1,profiled_cz,awgn,0.0,8.0,1,0.0,1.0355208333333332,0.9933333333333333,9536,1616,4,4,4,4,424,false,false,4,16
red2:lane1:snr12.0:seed4:frame2,12.0,2,profiled_cz,awgn,0.0,8.0,96,0.9895833333333334,2.0251041666666665,0.9933333333333333,9536,1616,5,5,5,4,492,false,false,4,16
red2:lane1:snr12.0:seed4:frame3,12.0,3,profiled_cz,awgn,0.0,8.0,190,1.96875,3.004270833333333,0.9933333333333333,9536,1616,6,6,6,4,0,true,false,4,16
red2:lane1:snr12.0:seed4:frame4,12.0,4,profiled_cz,awgn,0.0,8.0,285,2.9583333333333335,3.993854166666667,0.9933333333333333,9536,1616,7,7,7,4,2,false,false,4,16
red2:lane1:snr12.0:seed4:frame5,12.0,5,profiled_cz,awgn,0.0,8.0,385,4.0,5.035520833333333,0.9933333333333333,9536,1616,8,8,8,4,5,false,false,4,16
red2:lane1:snr12.0:seed4:frame6,12.0,6,profiled_cz,awgn,0.0,8.0,480,4.989583333333333,6.025104166666666,0.9933333333333333,9536,1616,9,9,9,4,501,false,false,4,16
red2:lane1:snr12.0:seed4:frame7,12.0,7,profiled_cz,awgn,0.0,8.0,574,5.96875,7.004270833333333,0.9933333333333333,9536,1616,10,10,10,4,3,false,false,4,16
red2:lane1:snr12.0:seed4:frame8,12.0,8,profiled_cz,awgn,0.0,8.0,669,6.958333333333333,7.993854166666666,0.9933333333333333,9536,1616,11,11,11,4,2,false,false,4,16
red2:lane1:snr14.0:seed4:frame1,14.0,1,cwz_joint,awgn,0.0,8.0,1,0.0,1.0355208333333332,0.9933333333333333,9536,1616,4,4,4,4,341,false,false,4,16
red2:lane1:snr14.0:seed4:frame2,14.0,2,cwz_joint,awgn,0.0,8.0,96,0.9895833333333334,2.0251041666666665,0.9933333333333333,9536,1616,5,5,5,4,497,false,false,4,16
red2:lane1:snr14.0:seed4:frame3,14.0,3,cwz_joint,awgn,0.0,8.0,190,1.96875,3.004270833333333,0.9933333333333333,9536,1616,6,6,6,4,0,true,false,4,16
red2:lane1:snr14.0:seed4:frame4,14.0,4,cwz_joint,awgn,0.0,8.0,285,2.9583333333333335,3.993854166666667,0.9933333333333333,9536,1616,7,7,7,4,0,true,false,4,16
red2:lane1:snr14.0:seed4:frame5,14.0,5,cwz_joint,awgn,0.0,8.0,385,4.0,5.035520833333333,0.9933333333333333,9536,1616,8,8,8,4,3,false,false,4,16
red2:lane1:snr14.0:seed4:frame6,14.0,6,cwz_joint,awgn,0.0,8.0,480,4.989583333333333,6.025104166666666,0.9933333333333333,9536,1616,9,9,9,4,477,false,false,4,16
red2:lane1:snr14.0:seed4:frame7,14.0,7,cwz_joint,awgn,0.0,8.0,574,5.96875,7.004270833333333,0.9933333333333333,9536,1616,10,10,10,4,0,true,false,4,16
red2:lane1:snr14.0:seed4:frame8,14.0,8,cwz_joint,awgn,0.0,8.0,669,6.958333333333333,7.993854166666666,0.9933333333333333,9536,1616,11,11,11,4,0,true,false,4,16
red2:lane1:snr14.0:seed4:frame1,14.0,1,lite,awgn,0.0,8.0,1,0.0,1.0355208333333332,0.9933333333333333,9536,1616,4,4,4,4,522,false,false,4,16
red2:lane1:snr14.0:seed4:frame2,14.0,2,lite,awgn,0.0,8.0,96,0.9895833333333334,2.0251041666666665,0.9933333333333333,9536,1616,5,5,5,4,31,false,false,4,16
red2:lane1:snr14.0:seed4:frame3,14.0,3,lite,awgn,0.0,8.0,190,1.96875,3.004270833333333,0.9933333333333333,9536,1616,6,6,6,4,0,true,false,4,16
red2:lane1:snr14.0:seed4:frame4,14.0,4,lite,awgn,0.0,8.0,285,2.9583333333333335,3.993854166666667,0.9933333333333333,9536,1616,7,7,7,4,0,true,false,4,16
red2:lane1:snr14.0:seed4:frame5,14.0,5,lite,awgn,0.0,8.0,385,4.0,5.035520833333333,0.9933333333333333,9536,1616,8,8,8,4,388,false,false,4,16
red2:lane1:snr14.0:seed4:frame6,14.0,6,lite,awgn,0.0,8.0,480,4.989583333333333,6.025104166666666,0.9933333333333333,9536,1616,9,9,9,4,504,false,false,4,16
red2:lane1:snr14.0:seed4:frame7,14.0,7,lite,awgn,0.0,8.0,574,5.96875,7.004270833333333,0.9933333333333333,9536,1616,10,10,10,4,0,true,false,4,16
red2:lane1:snr14.0:seed4:frame8,14.0,8,lite,awgn,0.0,8.0,669,6.958333333333333,7.993854166666666,0.9933333333333333,9536,1616,11,11,11,4,3,false,false,4,16
red2:lane1:snr14.0:seed4:frame1,14.0,1,ofdm_fec,awgn,0.0,8.0,1,0.0,1.0355208333333332,0.9933333333333333,9536,1616,4,4,4,4,341,false,false,4,16
red2:lane1:snr14.0:seed4:frame2,14.0,2,ofdm_fec,awgn,0.0,8.0,96,0.9895833333333334,2.0251041666666665,0.9933333333333333,9536,1616,5,5,5,4,497,false,false,4,16
red2:lane1:snr14.0:seed4:frame3,14.0,3,ofdm_fec,awgn,0.0,8.0,190,1.96875,3.004270833333333,0.9933333333333333,9536,1616,6,6,6,4,0,true,false,4,16
red2:lane1:snr14.0:seed4:frame4,14.0,4,ofdm_fec,awgn,0.0,8.0,285,2.9583333333333335,3.993854166666667,0.9933333333333333,9536,1616,7,7,7,4,1,false,false,4,16
red2:lane1:snr14.0:seed4:frame5,14.0,5,ofdm_fec,awgn,0.0,8.0,385,4.0,5.035520833333333,0.9933333333333333,9536,1616,8,8,8,4,3,false,false,4,16
red2:lane1:snr14.0:seed4:frame6,14.0,6,ofdm_fec,awgn,0.0,8.0,480,4.989583333333333,6.025104166666666,0.9933333333333333,9536,1616,9,9,9,4,477,false,false,4,16
red2:lane1:snr14.0:seed4:frame7,14.0,7,ofdm_fec,awgn,0.0,8.0,574,5.96875,7.004270833333333,0.9933333333333333,9536,1616,10,10,10,4,1,false,false,4,16
red2:lane1:snr14.0:seed4:frame8,14.0,8,ofdm_fec,awgn,0.0,8.0,669,6.958333333333333,7.993854166666666,0.9933333333333333,9536,1616,11,11,11,4,0,true,false,4,16
red2:lane1:snr14.0:seed4:frame1,14.0,1,pfft,awgn,0.0,8.0,1,0.0,1.0355208333333332,0.9933333333333333,9536,1616,4,4,4,4,522,false,false,4,16
red2:lane1:snr14.0:seed4:frame2,14.0,2,pfft,awgn,0.0,8.0,96,0.9895833333333334,2.0251041666666665,0.9933333333333333,9536,1616,5,5,5,4,456,false,false,4,16
red2:lane1:snr14.0:seed4:frame3,14.0,3,pfft,awgn,0.0,8.0,190,1.96875,3.004270833333333,0.9933333333333333,9536,1616,6,6,6,4,362,false,false,4,16
red2:lane1:snr14.0:seed4:frame4,14.0,4,pfft,awgn,0.0,8.0,285,2.9583333333333335,3.993854166666667,0.9933333333333333,9536,1616,7,7,7,4,2,false,false,4,16
red2:lane1:snr14.0:seed4:frame5,14.0,5,pfft,awgn,0.0,8.0,385,4.0,5.035520833333333,0.9933333333333333,9536,1616,8,8,8,4,445,false,false,4,16
red2:lane1:snr14.0:seed4:frame6,14.0,6,pfft,awgn,0.0,8.0,480,4.989583333333333,6.025104166666666,0.9933333333333333,9536,1616,9,9,9,4,504,false,false,4,16
red2:lane1:snr14.0:seed4:frame7,14.0,7,pfft,awgn,0.0,8.0,574,5.96875,7.004270833333333,0.9933333333333333,9536,1616,10,10,10,4,8,false,false,4,16
red2:lane1:snr14.0:seed4:frame8,14.0,8,pfft,awgn,0.0,8.0,669,6.958333333333333,7.993854166666666,0.9933333333333333,9536,1616,11,11,11,4,400,false,false,4,16
red2:lane1:snr14.0:seed4:frame1,14.0,1,profiled_cz,awgn,0.0,8.0,1,0.0,1.0355208333333332,0.9933333333333333,9536,1616,4,4,4,4,341,false,false,4,16
red2:lane1:snr14.0:seed4:frame2,14.0,2,profiled_cz,awgn,0.0,8.0,96,0.9895833333333334,2.0251041666666665,0.9933333333333333,9536,1616,5,5,5,4,497,false,false,4,16
red2:lane1:snr14.0:seed4:frame3,14.0,3,profiled_cz,awgn,0.0,8.0,190,1.96875,3.004270833333333,0.9933333333333333,9536,1616,6,6,6,4,0,true,false,4,16
red2:lane1:snr14.0:seed4:frame4,14.0,4,profiled_cz,awgn,0.0,8.0,285,2.9583333333333335,3.993854166666667,0.9933333333333333,9536,1616,7,7,7,4,0,true,false,4,16
red2:lane1:snr14.0:seed4:frame5,14.0,5,profiled_cz,awgn,0.0,8.0,385,4.0,5.035520833333333,0.9933333333333333,9536,1616,8,8,8,4,3,false,false,4,16
red2:lane1:snr14.0:seed4:frame6,14.0,6,profiled_cz,awgn,0.0,8.0,480,4.989583333333333,6.025104166666666,0.9933333333333333,9536,1616,9,9,9,4,477,false,false,4,16
red2:lane1:snr14.0:seed4:frame7,14.0,7,profiled_cz,awgn,0.0,8.0,574,5.96875,7.004270833333333,0.9933333333333333,9536,1616,10,10,10,4,0,true,false,4,16
red2:lane1:snr14.0:seed4:frame8,14.0,8,profiled_cz,awgn,0.0,8.0,669,6.958333333333333,7.993854166666666,0.9933333333333333,9536,1616,11,11,11,4,0,true,false,4,16
red2:lane1:snr16.0:seed4:frame1,16.0,1,cwz_joint,awgn,0.0,8.0,1,0.0,1.0355208333333332,0.9933333333333333,9536,1616,4,4,4,4,258,false,false,4,16
red2:lane1:snr16.0:seed4:frame2,16.0,2,cwz_joint,awgn,0.0,8.0,96,0.9895833333333334,2.0251041666666665,0.9933333333333333,9536,1616,5,5,5,4,0,true,false,4,16
red2:lane1:snr16.0:seed4:frame3,16.0,3,cwz_joint,awgn,0.0,8.0,190,1.96875,3.004270833333333,0.9933333333333333,9536,1616,6,6,6,4,0,true,false,4,16
red2:lane1:snr16.0:seed4:frame4,16.0,4,cwz_joint,awgn,0.0,8.0,285,2.9583333333333335,3.993854166666667,0.9933333333333333,9536,1616,7,7,7,4,0,true,false,4,16
red2:lane1:snr16.0:seed4:frame5,16.0,5,cwz_joint,awgn,0.0,8.0,385,4.0,5.035520833333333,0.9933333333333333,9536,1616,8,8,8,4,1,false,false,4,16
red2:lane1:snr16.0:seed4:frame6,16.0,6,cwz_joint,awgn,0.0,8.0,480,4.989583333333333,6.025104166666666,0.9933333333333333,9536,1616,9,9,9,4,484,false,false,4,16
red2:lane1:snr16.0:seed4:frame7,16.0,7,cwz_joint,awgn,0.0,8.0,574,5.96875,7.004270833333333,0.9933333333333333,9536,1616,10,10,10,4,0,true,false,4,16
red2:lane1:snr16.0:seed4:frame8,16.0,8,cwz_joint,awgn,0.0,8.0,669,6.958333333333333,7.993854166666666,0.9933333333333333,9536,1616,11,11,11,4,0,true,false,4,16
red2:lane1:snr16.0:seed4:frame1,16.0,1,lite,awgn,0.0,8.0,1,0.0,1.0355208333333332,0.9933333333333333,9536,1616,4,4,4,4,505,false,false,4,16
red2:lane1:snr16.0:seed4:frame2,16.0,2,lite,awgn,0.0,8.0,96,0.9895833333333334,2.0251041666666665,0.9933333333333333,9536,1616,5,5,5,4,0,true,false,4,16
red2:lane1:snr16.0:seed4:frame3,16.0,3,lite,awgn,0.0,8.0,190,1.96875,3.004270833333333,0.9933333333333333,9536,1616,6,6,6,4,0,true,false,4,16
red2:lane1:snr16.0:seed4:frame4,16.0,4,lite,awgn,0.0,8.0,285,2.9583333333333335,3.993854166666667,0.9933333333333333,9536,1616,7,7,7,4,0,true,false,4,16
red2:lane1:snr16.0:seed4:frame5,16.0,5,lite,awgn,0.0,8.0,385,4.0,5.035520833333333,0.9933333333333333,9536,1616,8,8,8,4,2,false,false,4,16
red2:lane1:snr16.0:seed4:frame6,16.0,6,lite,awgn,0.0,8.0,480,4.989583333333333,6.025104166666666,0.9933333333333333,9536,1616,9,9,9,4,374,false,false,4,16
red2:lane1:snr16.0:seed4:frame7,16.0,7,lite,awgn,0.0,8.0,574,5.96875,7.004270833333333,0.9933333333333333,9536,1616,10,10,10,4,0,true,false,4,16
red2:lane1:snr16.0:seed4:frame8,16.0,8,lite,awgn,0.0,8.0,669,6.958333333333333,7.993854166666666,0.9933333333333333,9536,1616,11,11,11,4,0,true,false,4,16
red2:lane1:snr16.0:seed4:frame1,16.0,1,ofdm_fec,awgn,0.0,8.0,1,0.0,1.0355208333333332,0.9933333333333333,9536,1616,4,4,4,4,258,false,false,4,16
red2:lane1:snr16.0:seed4:frame2,16.0,2,ofdm_fec,awgn,0.0,8.0,96,0.9895833333333334,2.0251041666666665,0.9933333333333333,9536,1616,5,5,5,4,446,false,false,4,16
red2:lane1:snr16.0:seed4:frame3,16.0,3,ofdm_fec,awgn,0.0,8.0,190,1.96875,3.004270833333333,0.9933333333333333,9536,1616,6,6,6,4,0,true,false,4,16
red2:lane1:snr16.0:seed4:frame4,16.0,4,ofdm_fec,awgn,0.0,8.0,285,2.9583333333333335,3.993854166666667,0.9933333333333333,9536,1616,7,7,7,4,0,true,false,4,16
red2:lane1:snr16.0:seed4:frame5,16.0,5,ofdm_fec,awgn,0.0,8.0,385,4.0,5.035520833333333,0.9933333333333333,9536,1616,8,8,8,4,1,false,false,4,16
red2:lane1:snr16.0:seed4:frame6,16.0,6,ofdm_fec,awgn,0.0,8.0,480,4.989583333333333,6.025104166666666,0.9933333333333333,9536,1616,9,9,9,4,484,false,false,4,16
red2:lane1:snr16.0:seed4:frame7,16.0,7,ofdm_fec,awgn,0.0,8.0,574,5.96875,7.004270833333333,0.9933333333333333,9536,1616,10,10,10,4,1,false,false,4,16
red2:lane1:snr16.0:seed4:frame8,16.0,8,ofdm_fec,awgn,0.0,8.0,669,6.958333333333333,7.993854166666666,0.9933333333333333,9536,1616,11,11,11,4,0,true,false,4,16
red2:lane1:snr16.0:seed4:frame1,16.0,1,pfft,awgn,0.0,8.0,1,0.0,1.0355208333333332,0.9933333333333333,9536,1616,4,4,4,4,522,false,false,4,16
red2:lane1:snr16.0:seed4:frame2,16.0,2,pfft,awgn,0.0,8.0,96,0.9895833333333334,2.0251041666666665,0.9933333333333333,9536,1616,5,5,5,4,383,false,false,4,16
red2:lane1:snr16.0:seed4:frame3,16.0,3,pfft,awgn,0.0,8.0,190,1.96875,3.004270833333333,0.9933333333333333,9536,1616,6,6,6,4,37,false,false,4,16
red2:lane1:snr16.0:seed4:frame4,16.0,4,pfft,awgn,0.0,8.0,285,2.9583333333333335,3.993854166666667,0.9933333333333333,9536,1616,7,7,7,4,2,false,false,4,16
red2:lane1:snr16.0:seed4:frame5,16.0,5,pfft,awgn,0.0,8.0,385,4.0,5.035520833333333,0.9933333333333333,9536,1616,8,8,8,4,351,false,false,4,16
red2:lane1:snr16.0:seed4:frame6,16.0,6,pfft,awgn,0.0,8.0,480,4.989583333333333,6.025104166666666,0.9933333333333333,9536,1616,9,9,9,4,461,false,false,4,16
red2:lane1:snr16.0:seed4:frame7,16.0,7,pfft,awgn,0.0,8.0,574,5.96875,7.004270833333333,0.9933333333333333,9536,1616,10,10,10,4,7,false,false,4,16
red2:lane1:snr16.0:seed4:frame8,16.0,8,pfft,awgn,0.0,8.0,669,6.958333333333333,7.993854166666666,0.9933333333333333,9536,1616,11,11,11,4,397,false,false,4,16
red2:lane1:snr16.0:seed4:frame1,16.0,1,profiled_cz,awgn,0.0,8.0,1,0.0,1.0355208333333332,0.9933333333333333,9536,1616,4,4,4,4,258,false,false,4,16
red2:lane1:snr16.0:seed4:frame2,16.0,2,profiled_cz,awgn,0.0,8.0,96,0.9895833333333334,2.0251041666666665,0.9933333333333333,9536,1616,5,5,5,4,0,true,false,4,16
red2:lane1:snr16.0:seed4:frame3,16.0,3,profiled_cz,awgn,0.0,8.0,190,1.96875,3.004270833333333,0.9933333333333333,9536,1616,6,6,6,4,0,true,false,4,16
red2:lane1:snr16.0:seed4:frame4,16.0,4,profiled_cz,awgn,0.0,8.0,285,2.9583333333333335,3.993854166666667,0.9933333333333333,9536,1616,7,7,7,4,0,true,false,4,16
red2:lane1:snr16.0:seed4:frame5,16.0,5,profiled_cz,awgn,0.0,8.0,385,4.0,5.035520833333333,0.9933333333333333,9536,1616,8,8,8,4,1,false,false,4,16
red2:lane1:snr16.0:seed4:frame6,16.0,6,profiled_cz,awgn,0.0,8.0,480,4.989583333333333,6.025104166666666,0.9933333333333333,9536,1616,9,9,9,4,484,false,false,4,16
red2:lane1:snr16.0:seed4:frame7,16.0,7,profiled_cz,awgn,0.0,8.0,574,5.96875,7.004270833333333,0.9933333333333333,9536,1616,10,10,10,4,0,true,false,4,16
red2:lane1:snr16.0:seed4:frame8,16.0,8,profiled_cz,awgn,0.0,8.0,669,6.958333333333333,7.993854166666666,0.9933333333333333,9536,1616,11,11,11,4,0,true,false,4,16
red2:lane1:snr18.0:seed4:frame1,18.0,1,cwz_joint,awgn,0.0,8.0,1,0.0,1.0355208333333332,0.9933333333333333,9536,1616,4,4,4,4,36,false,false,4,16
red2:lane1:snr18.0:seed4:frame2,18.0,2,cwz_joint,awgn,0.0,8.0,96,0.9895833333333334,2.0251041666666665,0.9933333333333333,9536,1616,5,5,5,4,0,true,false,4,16
red2:lane1:snr18.0:seed4:frame3,18.0,3,cwz_joint,awgn,0.0,8.0,190,1.96875,3.004270833333333,0.9933333333333333,9536,1616,6,6,6,4,0,true,false,4,16
red2:lane1:snr18.0:seed4:frame4,18.0,4,cwz_joint,awgn,0.0,8.0,285,2.9583333333333335,3.993854166666667,0.9933333333333333,9536,1616,7,7,7,4,0,true,false,4,16
red2:lane1:snr18.0:seed4:frame5,18.0,5,cwz_joint,awgn,0.0,8.0,385,4.0,5.035520833333333,0.9933333333333333,9536,1616,8,8,8,4,0,true,false,4,16
red2:lane1:snr18.0:seed4:frame6,18.0,6,cwz_joint,awgn,0.0,8.0,480,4.989583333333333,6.025104166666666,0.9933333333333333,9536,1616,9,9,9,4,450,false,false,4,16
red2:lane1:snr18.0:seed4:frame7,18.0,7,cwz_joint,awgn,0.0,8.0,574,5.96875,7.004270833333333,0.9933333333333333,9536,1616,10,10,10,4,0,true,false,4,16
red2:lane1:snr18.0:seed4:frame8,18.0,8,cwz_joint,awgn,0.0,8.0,669,6.958333333333333,7.993854166666666,0.9933333333333333,9536,1616,11,11,11,4,0,true,false,4,16
red2:lane1:snr18.0:seed4:frame1,18.0,1,lite,awgn,0.0,8.0,1,0.0,1.0355208333333332,0.9933333333333333,9536,1616,4,4,4,4,500,false,false,4,16
red2:lane1:snr18.0:seed4:frame2,18.0,2,lite,awgn,0.0,8.0,96,0.9895833333333334,2.0251041666666665,0.9933333333333333,9536,1616,5,5,5,4,0,true,false,4,16
red2:lane1:snr18.0:seed4:frame3,18.0,3,lite,awgn,0.0,8.0,190,1.96875,3.004270833333333,0.9933333333333333,9536,1616,6,6,6,4,0,true,false,4,16
red2:lane1:snr18.0:seed4:frame4,18.0,4,lite,awgn,0.0,8.0,285,2.9583333333333335,3.993854166666667,0.9933333333333333,9536,1616,7,7,7,4,0,true,false,4,16
red2:lane1:snr18.0:seed4:frame5,18.0,5,lite,awgn,0.0,8.0,385,4.0,5.035520833333333,0.9933333333333333,9536,1616,8,8,8,4,0,true,false,4,16
red2:lane1:snr18.0:seed4:frame6,18.0,6,lite,awgn,0.0,8.0,480,4.989583333333333,6.025104166666666,0.9933333333333333,9536,1616,9,9,9,4,366,false,false,4,16
red2:lane1:snr18.0:seed4:frame7,18.0,7,lite,awgn,0.0,8.0,574,5.96875,7.004270833333333,0.9933333333333333,9536,1616,10,10,10,4,0,true,false,4,16
red2:lane1:snr18.0:seed4:frame8,18.0,8,lite,awgn,0.0,8.0,669,6.958333333333333,7.993854166666666,0.9933333333333333,9536,1616,11,11,11,4,0,true,false,4,16
red2:lane1:snr18.0:seed4:frame1,18.0,1,ofdm_fec,awgn,0.0,8.0,1,0.0,1.0355208333333332,0.9933333333333333,9536,1616,4,4,4,4,36,false,false,4,16
red2:lane1:snr18.0:seed4:frame2,18.0,2,ofdm_fec,awgn,0.0,8.0,96,0.9895833333333334,2.0251041666666665,0.9933333333333333,9536,1616,5,5,5,4,429,false,false,4,16
red2:lane1:snr18.0:seed4:frame3,18.0,3,ofdm_fec,awgn,0.0,8.0,190,1.96875,3.004270833333333,0.9933333333333333,9536,1616,6,6,6,4,0,true,false,4,16
red2:lane1:snr18.0:seed4:frame4,18.0,4,ofdm_fec,awgn,0.0,8.0,285,2.9583333333333335,3.993854166666667,0.9933333333333333,9536,1616,7,7,7,4,0,true,false,4,16
red2:lane1:snr18.0:seed4:frame5,18.0,5,ofdm_fec,awgn,0.0,8.0,385,4.0,5.035520833333333,0.9933333333333333,9536,1616,8,8,8,4,0,true,false,4,16
red2:lane1:snr18.0:seed4:frame6,18.0,6,ofdm_fec,awgn,0.0,8.0,480,4.989583333333333,6.025104166666666,0.9933333333333333,9536,1616,9,9,9,4,450,false,false,4,16
red2:lane1:snr18.0:seed4:frame7,18.0,7,ofdm_fec,awgn,0.0,8.0,574,5.96875,7.004270833333333,0.9933333333333333,9536,1616,10,10,10,4,1,false,false,4,16
red2:lane1:snr18.0:seed4:frame8,18.0,8,ofdm_fec,awgn,0.0,8.0,669,6.958333333333333,7.993854166666666,0.9933333333333333,9536,1616,11,11,11,4,0,true,false,4,16
red2:lane1:snr18.0:seed4:frame1,18.0,1,pfft,awgn,0.0,8.0,1,0.0,1.0355208333333332,0.9933333333333333,9536,1616,4,4,4,4,500,false,false,4,16
red2:lane1:snr18.0:seed4:frame2,18.0,2,pfft,awgn,0.0,8.0,96,0.9895833333333334,2.0251041666666665,0.9933333333333333,9536,1616,5,5,5,4,277,false,false,4,16
red2:lane1:snr18.0:seed4:frame3,18.0,3,pfft,awgn,0.0,8.0,190,1.96875,3.004270833333333,0.9933333333333333,9536,1616,6,6,6,4,6,false,false,4,16
red2:lane1:snr18.0:seed4:frame4,18.0,4,pfft,awgn,0.0,8.0,285,2.9583333333333335,3.993854166666667,0.9933333333333333,9536,1616,7,7,7,4,2,false,false,4,16
red2:lane1:snr18.0:seed4:frame5,18.0,5,pfft,awgn,0.0,8.0,385,4.0,5.035520833333333,0.9933333333333333,9536,1616,8,8,8,4,390,false,false,4,16
red2:lane1:snr18.0:seed4:frame6,18.0,6,pfft,awgn,0.0,8.0,480,4.989583333333333,6.025104166666666,0.9933333333333333,9536,1616,9,9,9,4,495,false,false,4,16
red2:lane1:snr18.0:seed4:frame7,18.0,7,pfft,awgn,0.0,8.0,574,5.96875,7.004270833333333,0.9933333333333333,9536,1616,10,10,10,4,5,false,false,4,16
red2:lane1:snr18.0:seed4:frame8,18.0,8,pfft,awgn,0.0,8.0,669,6.958333333333333,7.993854166666666,0.9933333333333333,9536,1616,11,11,11,4,337,false,false,4,16
red2:lane1:snr18.0:seed4:frame1,18.0,1,profiled_cz,awgn,0.0,8.0,1,0.0,1.0355208333333332,0.9933333333333333,9536,1616,4,4,4,4,36,false,false,4,16
red2:lane1:snr18.0:seed4:frame2,18.0,2,profiled_cz,awgn,0.0,8.0,96,0.9895833333333334,2.0251041666666665,0.9933333333333333,9536,1616,5,5,5,4,0,true,false,4,16
red2:lane1:snr18.0:seed4:frame3,18.0,3,profiled_cz,awgn,0.0,8.0,190,1.96875,3.004270833333333,0.9933333333333333,9536,1616,6,6,6,4,0,true,false,4,16
red2:lane1:snr18.0:seed4:frame4,18.0,4,profiled_cz,awgn,0.0,8.0,285,2.9583333333333335,3.993854166666667,0.9933333333333333,9536,1616,7,7,7,4,0,true,false,4,16
red2:lane1:snr18.0:seed4:frame5,18.0,5,profiled_cz,awgn,0.0,8.0,385,4.0,5.035520833333333,0.9933333333333333,9536,1616,8,8,8,4,0,true,false,4,16
red2:lane1:snr18.0:seed4:frame6,18.0,6,profiled_cz,awgn,0.0,8.0,480,4.989583333333333,6.025104166666666,0.9933333333333333,9536,1616,9,9,9,4,450,false,false,4,16
red2:lane1:snr18.0:seed4:frame7,18.0,7,profiled_cz,awgn,0.0,8.0,574,5.96875,7.004270833333333,0.9933333333333333,9536,1616,10,10,10,4,0,true,false,4,16
red2:lane1:snr18.0:seed4:frame8,18.0,8,profiled_cz,awgn,0.0,8.0,669,6.958333333333333,7.993854166666666,0.9933333333333333,9536,1616,11,11,11,4,0,true,false,4,16
red2:lane1:snr20.0:seed4:frame1,20.0,1,cwz_joint,awgn,0.0,8.0,1,0.0,1.0355208333333332,0.9933333333333333,9536,1616,4,4,4,4,20,false,false,4,16
red2:lane1:snr20.0:seed4:frame2,20.0,2,cwz_joint,awgn,0.0,8.0,96,0.9895833333333334,2.0251041666666665,0.9933333333333333,9536,1616,5,5,5,4,0,true,false,4,16
red2:lane1:snr20.0:seed4:frame3,20.0,3,cwz_joint,awgn,0.0,8.0,190,1.96875,3.004270833333333,0.9933333333333333,9536,1616,6,6,6,4,0,true,false,4,16
red2:lane1:snr20.0:seed4:frame4,20.0,4,cwz_joint,awgn,0.0,8.0,285,2.9583333333333335,3.993854166666667,0.9933333333333333,9536,1616,7,7,7,4,0,true,false,4,16
red2:lane1:snr20.0:seed4:frame5,20.0,5,cwz_joint,awgn,0.0,8.0,385,4.0,5.035520833333333,0.9933333333333333,9536,1616,8,8,8,4,0,true,false,4,16
red2:lane1:snr20.0:seed4:frame6,20.0,6,cwz_joint,awgn,0.0,8.0,480,4.989583333333333,6.025104166666666,0.9933333333333333,9536,1616,9,9,9,4,460,false,false,4,16
red2:lane1:snr20.0:seed4:frame7,20.0,7,cwz_joint,awgn,0.0,8.0,574,5.96875,7.004270833333333,0.9933333333333333,9536,1616,10,10,10,4,0,true,false,4,16
red2:lane1:snr20.0:seed4:frame8,20.0,8,cwz_joint,awgn,0.0,8.0,669,6.958333333333333,7.993854166666666,0.9933333333333333,9536,1616,11,11,11,4,0,true,false,4,16
red2:lane1:snr20.0:seed4:frame1,20.0,1,lite,awgn,0.0,8.0,1,0.0,1.0355208333333332,0.9933333333333333,9536,1616,4,4,4,4,205,false,false,4,16
red2:lane1:snr20.0:seed4:frame2,20.0,2,lite,awgn,0.0,8.0,96,0.9895833333333334,2.0251041666666665,0.9933333333333333,9536,1616,5,5,5,4,0,true,false,4,16
red2:lane1:snr20.0:seed4:frame3,20.0,3,lite,awgn,0.0,8.0,190,1.96875,3.004270833333333,0.9933333333333333,9536,1616,6,6,6,4,0,true,false,4,16
red2:lane1:snr20.0:seed4:frame4,20.0,4,lite,awgn,0.0,8.0,285,2.9583333333333335,3.993854166666667,0.9933333333333333,9536,1616,7,7,7,4,0,true,false,4,16
red2:lane1:snr20.0:seed4:frame5,20.0,5,lite,awgn,0.0,8.0,385,4.0,5.035520833333333,0.9933333333333333,9536,1616,8,8,8,4,0,true,false,4,16
red2:lane1:snr20.0:seed4:frame6,20.0,6,lite,awgn,0.0,8.0,480,4.989583333333333,6.025104166666666,0.9933333333333333,9536,1616,9,9,9,4,302,false,false,4,16
red2:lane1:snr20.0:seed4:frame7,20.0,7,lite,awgn,0.0,8.0,574,5.96875,7.004270833333333,0.9933333333333333,9536,1616,10,10,10,4,0,true,false,4,16
red2:lane1:snr20.0:seed4:frame8,20.0,8,lite,awgn,0.0,8.0,669,6.958333333333333,7.993854166666666,0.9933333333333333,9536,1616,11,11,11,4,0,true,false,4,16
red2:lane1:snr20.0:seed4:frame1,20.0,1,ofdm_fec,awgn,0.0,8.0,1,0.0,1.0355208333333332,0.9933333333333333,9536,1616,4,4,4,4,20,false,false,4,16
red2:lane1:snr20.0:seed4:frame2,20.0,2,ofdm_fec,awgn,0.0,8.0,96,0.9895833333333334,2.0251041666666665,0.9933333333333333,9536,1616,5,5,5,4,353,false,false,4,16
red2:lane1:snr20.0:seed4:frame3,20.0,3,ofdm_fec,awgn,0.0,8.0,190,1.96875,3.004270833333333,0.9933333333333333,9536,1616,6,6,6,4,0,true,false,4,16
red2:lane1:snr20.0:seed4:frame4,20.0,4,ofdm_fec,awgn,0.0,8.0,285,2.9583333333333335,3.993854166666667,0.9933333333333333,9536,1616,7,7,7,4,0,true,false,4,16
red2:lane1:snr20.0:seed4:frame5,20.0,5,ofdm_fec,awgn,0.0,8.0,385,4.0,5.035520833333333,0.9933333333333333,9536,1616,8,8,8,4,0,true,false,4,16
red2:lane1:snr20.0:seed4:frame6,20.0,6,ofdm_fec,awgn,0.0,8.0,480,4.989583333333333,6.025104166666666,0.9933333333333333,9536,1616,9,9,9,4,460,false,false,4,16
red2:lane1:snr20.0:seed4:frame7,20.0,7,ofdm_fec,awgn,0.0,8.0,574,5.96875,7.004270833333333,0.9933333333333333,9536,1616,10,10,10,4,1,false,false,4,16
red2:lane1:snr20.0:seed4:frame8,20.0,8,ofdm_fec,awgn,0.0,8.0,669,6.958333333333333,7.993854166666666,0.9933333333333333,9536,1616,11,11,11,4,0,true,false,4,16
red2:lane1:snr20.0:seed4:frame1,20.0,1,pfft,awgn,0.0,8.0,1,0.0,1.0355208333333332,0.9933333333333333,9536,1616,4,4,4,4,451,false,false,4,16
red2:lane1:snr20.0:seed4:frame2,20.0,2,pfft,awgn,0.0,8.0,96,0.9895833333333334,2.0251041666666665,0.9933333333333333,9536,1616,5,5,5,4,306,false,false,4,16
red2:lane1:snr20.0:seed4:frame3,20.0,3,pfft,awgn,0.0,8.0,190,1.96875,3.004270833333333,0.9933333333333333,9536,1616,6,6,6,4,2,false,false,4,16
red2:lane1:snr20.0:seed4:frame4,20.0,4,pfft,awgn,0.0,8.0,285,2.9583333333333335,3.993854166666667,0.9933333333333333,9536,1616,7,7,7,4,1,false,false,4,16
red2:lane1:snr20.0:seed4:frame5,20.0,5,pfft,awgn,0.0,8.0,385,4.0,5.035520833333333,0.9933333333333333,9536,1616,8,8,8,4,276,false,false,4,16
red2:lane1:snr20.0:seed4:frame6,20.0,6,pfft,awgn,0.0,8.0,480,4.989583333333333,6.025104166666666,0.9933333333333333,9536,1616,9,9,9,4,432,false,false,4,16
red2:lane1:snr20.0:seed4:frame7,20.0,7,pfft,awgn,0.0,8.0,574,5.96875,7.004270833333333,0.9933333333333333,9536,1616,10,10,10,4,2,false,false,4,16
red2:lane1:snr20.0:seed4:frame8,20.0,8,pfft,awgn,0.0,8.0,669,6.958333333333333,7.993854166666666,0.9933333333333333,9536,1616,11,11,11,4,282,false,false,4,16
red2:lane1:snr20.0:seed4:frame1,20.0,1,profiled_cz,awgn,0.0,8.0,1,0.0,1.0355208333333332,0.9933333333333333,9536,1616,4,4,4,4,20,false,false,4,16
red2:lane1:snr20.0:seed4:frame2,20.0,2,profiled_cz,awgn,0.0,8.0,96,0.9895833333333334,2.0251041666666665,0.9933333333333333,9536,1616,5,5,5,4,0,true,false,4,16
red2:lane1:snr20.0:seed4:frame3,20.0,3,profiled_cz,awgn,0.0,8.0,190,1.96875,3.004270833333333,0.9933333333333333,9536,1616,6,6,6,4,0,true,false,4,16
red2:lane1:snr20.0:seed4:frame4,20.0,4,profiled_cz,awgn,0.0,8.0,285,2.9583333333333335,3.993854166666667,0.9933333333333333,9536,1616,7,7,7,4,0,true,false,4,16
red2:lane1:snr20.0:seed4:frame5,20.0,5,profiled_cz,awgn,0.0,8.0,385,4.0,5.035520833333333,0.9933333333333333,9536,1616,8,8,8,4,0,true,false,4,16
red2:lane1:snr20.0:seed4:frame6,20.0,6,profiled_cz,awgn,0.0,8.0,480,4.989583333333333,6.025104166666666,0.9933333333333333,9536,1616,9,9,9,4,460,false,false,4,16
red2:lane1:snr20.0:seed4:frame7,20.0,7,profiled_cz,awgn,0.0,8.0,574,5.96875,7.004270833333333,0.9933333333333333,9536,1616,10,10,10,4,0,true,false,4,16
red2:lane1:snr20.0:seed4:frame8,20.0,8,profiled_cz,awgn,0.0,8.0,669,6.958333333333333,7.993854166666666,0.9933333333333333,9536,1616,11,11,11,4,0,true,false,4,16
red2:lane1:snr22.0:seed4:frame1,22.0,1,cwz_joint,awgn,0.0,8.0,1,0.0,1.0355208333333332,0.9933333333333333,9536,1616,4,4,4,4,10,false,false,4,16
red2:lane1:snr22.0:seed4:frame2,22.0,2,cwz_joint,awgn,0.0,8.0,96,0.9895833333333334,2.0251041666666665,0.9933333333333333,9536,1616,5,5,5,4,0,true,false,4,16
red2:lane1:snr22.0:seed4:frame3,22.0,3,cwz_joint,awgn,0.0,8.0,190,1.96875,3.004270833333333,0.9933333333333333,9536,1616,6,6,6,4,0,true,false,4,16
red2:lane1:snr22.0:seed4:frame4,22.0,4,cwz_joint,awgn,0.0,8.0,285,2.9583333333333335,3.993854166666667,0.9933333333333333,9536,1616,7,7,7,4,0,true,false,4,16
red2:lane1:snr22.0:seed4:frame5,22.0,5,cwz_joint,awgn,0.0,8.0,385,4.0,5.035520833333333,0.9933333333333333,9536,1616,8,8,8,4,0,true,false,4,16
red2:lane1:snr22.0:seed4:frame6,22.0,6,cwz_joint,awgn,0.0,8.0,480,4.989583333333333,6.025104166666666,0.9933333333333333,9536,1616,9,9,9,4,453,false,false,4,16
red2:lane1:snr22.0:seed4:frame7,22.0,7,cwz_joint,awgn,0.0,8.0,574,5.96875,7.004270833333333,0.9933333333333333,9536,1616,10,10,10,4,0,true,false,4,16
red2:lane1:snr22.0:seed4:frame8,22.0,8,cwz_joint,awgn,0.0,8.0,669,6.958333333333333,7.993854166666666,0.9933333333333333,9536,1616,11,11,11,4,0,true,false,4,16
red2:lane1:snr22.0:seed4:frame1,22.0,1,lite,awgn,0.0,8.0,1,0.0,1.0355208333333332,0.9933333333333333,9536,1616,4,4,4,4,459,false,false,4,16
red2:lane1:snr22.0:seed4:frame2,22.0,2,lite,awgn,0.0,8.0,96,0.9895833333333334,2.0251041666666665,0.9933333333333333,9536,1616,5,5,5,4,0,true,false,4,16
red2:lane1:snr22.0:seed4:frame3,22.0,3,lite,awgn,0.0,8.0,190,1.96875,3.004270833333333,0.9933333333333333,9536,1616,6,6,6,4,0,true,false,4,16
red2:lane1:snr22.0:seed4:frame4,22.0,4,lite,awgn,0.0,8.0,285,2.9583333333333335,3.993854166666667,0.9933333333333333,9536,1616,7,7,7,4,0,true,false,4,16
red2:lane1:snr22.0:seed4:frame5,22.0,5,lite,awgn,0.0,8.0,385,4.0,5.035520833333333,0.9933333333333333,9536,1616,8,8,8,4,0,true,false,4,16
red2:lane1:snr22.0:seed4:frame6,22.0,6,lite,awgn,0.0,8.0,480,4.989583333333333,6.025104166666666,0.9933333333333333,9536,1616,9,9,9,4,196,false,false,4,16
red2:lane1:snr22.0:seed4:frame7,22.0,7,lite,awgn,0.0,8.0,574,5.96875,7.004270833333333,0.9933333333333333,9536,1616,10,10,10,4,0,true,false,4,16
red2:lane1:snr22.0:seed4:frame8,22.0,8,lite,awgn,0.0,8.0,669,6.958333333333333,7.993854166666666,0.9933333333333333,9536,1616,11,11,11,4,0,true,false,4,16
red2:lane1:snr22.0:seed4:frame1,22.0,1,ofdm_fec,awgn,0.0,8.0,1,0.0,1.0355208333333332,0.9933333333333333,9536,1616,4,4,4,4,10,false,false,4,16
red2:lane1:snr22.0:seed4:frame2,22.0,2,ofdm_fec,awgn,0.0,8.0,96,0.9895833333333334,2.0251041666666665,0.9933333333333333,9536,1616,5,5,5,4,352,false,false,4,16
red2:lane1:snr22.0:seed4:frame3,22.0,3,ofdm_fec,awgn,0.0,8.0,190,1.96875,3.004270833333333,0.9933333333333333,9536,1616,6,6,6,4,0,true,false,4,16
red2:lane1:snr22.0:seed4:frame4,22.0,4,ofdm_fec,awgn,0.0,8.0,285,2.9583333333333335,3.993854166666667,0.9933333333333333,9536,1616,7,7,7,4,0,true,false,4,16
red2:lane1:snr22.0:seed4:frame5,22.0,5,ofdm_fec,awgn,0.0,8.0,385,4.0,5.035520833333333,0.9933333333333333,9536,1616,8,8,8,4,0,true,false,4,16
red2:lane1:snr22.0:seed4:frame6,22.0,6,ofdm_fec,awgn,0.0,8.0,480,4.989583333333333,6.025104166666666,0.9933333333333333,9536,1616,9,9,9,4,453,false,false,4,16
red2:lane1:snr22.0:seed4:frame7,22.0,7,ofdm_fec,awgn,0.0,8.0,574,5.96875,7.004270833333333,0.9933333333333333,9536,1616,10,10,10,4,1,false,false,4,16
red2:lane1:snr22.0:seed4:frame8,22.0,8,ofdm_fec,awgn,0.0,8.0,669,6.958333333333333,7.993854166666666,0.9933333333333333,9536,1616,11,11,11,4,0,true,false,4,16
red2:lane1:snr22.0:seed4:frame1,22.0,1,pfft,awgn,0.0,8.0,1,0.0,1.0355208333333332,0.9933333333333333,9536,1616,4,4,4,4,472,false,false,4,16
red2:lane1:snr22.0:seed4:frame2,22.0,2,pfft,awgn,0.0,8.0,96,0.9895833333333334,2.0251041666666665,0.9933333333333333,9536,1616,5,5,5,4,144,false,false,4,16
red2:lane1:snr22.0:seed4:frame3,22.0,3,pfft,awgn,0.0,8.0,190,1.96875,3.004270833333333,0.9933333333333333,9536,1616,6,6,6,4,1,false,false,4,16
red2:lane1:snr22.0:seed4:frame4,22.0,4,pfft,awgn,0.0,8.0,285,2.9583333333333335,3.993854166666667,0.9933333333333333,9536,1616,7,7,7,4,0,true,false,4,16
red2:lane1:snr22.0:seed4:frame5,22.0,5,pfft,awgn,0.0,8.0,385,4.0,5.035520833333333,0.9933333333333333,9536,1616,8,8,8,4,212,false,false,4,16
red2:lane1:snr22.0:seed4:frame6,22.0,6,pfft,awgn,0.0,8.0,480,4.989583333333333,6.025104166666666,0.9933333333333333,9536,1616,9,9,9,4,445,false,false,4,16
red2:lane1:snr22.0:seed4:frame7,22.0,7,pfft,awgn,0.0,8.0,574,5.96875,7.004270833333333,0.9933333333333333,9536,1616,10,10,10,4,1,false,false,4,16
red2:lane1:snr22.0:seed4:frame8,22.0,8,pfft,awgn,0.0,8.0,669,6.958333333333333,7.993854166666666,0.9933333333333333,9536,1616,11,11,11,4,221,false,false,4,16
red2:lane1:snr22.0:seed4:frame1,22.0,1,profiled_cz,awgn,0.0,8.0,1,0.0,1.0355208333333332,0.9933333333333333,9536,1616,4,4,4,4,10,false,false,4,16
red2:lane1:snr22.0:seed4:frame2,22.0,2,profiled_cz,awgn,0.0,8.0,96,0.9895833333333334,2.0251041666666665,0.9933333333333333,9536,1616,5,5,5,4,0,true,false,4,16
red2:lane1:snr22.0:seed4:frame3,22.0,3,profiled_cz,awgn,0.0,8.0,190,1.96875,3.004270833333333,0.9933333333333333,9536,1616,6,6,6,4,0,true,false,4,16
red2:lane1:snr22.0:seed4:frame4,22.0,4,profiled_cz,awgn,0.0,8.0,285,2.9583333333333335,3.993854166666667,0.9933333333333333,9536,1616,7,7,7,4,0,true,false,4,16
red2:lane1:snr22.0:seed4:frame5,22.0,5,profiled_cz,awgn,0.0,8.0,385,4.0,5.035520833333333,0.9933333333333333,9536,1616,8,8,8,4,0,true,false,4,16
red2:lane1:snr22.0:seed4:frame6,22.0,6,profiled_cz,awgn,0.0,8.0,480,4.989583333333333,6.025104166666666,0.9933333333333333,9536,1616,9,9,9,4,453,false,false,4,16
red2:lane1:snr22.0:seed4:frame7,22.0,7,profiled_cz,awgn,0.0,8.0,574,5.96875,7.004270833333333,0.9933333333333333,9536,1616,10,10,10,4,0,true,false,4,16
red2:lane1:snr22.0:seed4:frame8,22.0,8,profiled_cz,awgn,0.0,8.0,669,6.958333333333333,7.993854166666666,0.9933333333333333,9536,1616,11,11,11,4,0,true,false,4,16
red2:lane1:snr24.0:seed4:frame1,24.0,1,cwz_joint,awgn,0.0,8.0,1,0.0,1.0355208333333332,0.9933333333333333,9536,1616,4,4,4,4,10,false,false,4,16
red2:lane1:snr24.0:seed4:frame2,24.0,2,cwz_joint,awgn,0.0,8.0,96,0.9895833333333334,2.0251041666666665,0.9933333333333333,9536,1616,5,5,5,4,0,true,false,4,16
red2:lane1:snr24.0:seed4:frame3,24.0,3,cwz_joint,awgn,0.0,8.0,190,1.96875,3.004270833333333,0.9933333333333333,9536,1616,6,6,6,4,0,true,false,4,16
red2:lane1:snr24.0:seed4:frame4,24.0,4,cwz_joint,awgn,0.0,8.0,285,2.9583333333333335,3.993854166666667,0.9933333333333333,9536,1616,7,7,7,4,0,true,false,4,16
red2:lane1:snr24.0:seed4:frame5,24.0,5,cwz_joint,awgn,0.0,8.0,385,4.0,5.035520833333333,0.9933333333333333,9536,1616,8,8,8,4,0,true,false,4,16
red2:lane1:snr24.0:seed4:frame6,24.0,6,cwz_joint,awgn,0.0,8.0,480,4.989583333333333,6.025104166666666,0.9933333333333333,9536,1616,9,9,9,4,461,false,false,4,16
red2:lane1:snr24.0:seed4:frame7,24.0,7,cwz_joint,awgn,0.0,8.0,574,5.96875,7.004270833333333,0.9933333333333333,9536,1616,10,10,10,4,0,true,false,4,16
red2:lane1:snr24.0:seed4:frame8,24.0,8,cwz_joint,awgn,0.0,8.0,669,6.958333333333333,7.993854166666666,0.9933333333333333,9536,1616,11,11,11,4,0,true,false,4,16
red2:lane1:snr24.0:seed4:frame1,24.0,1,lite,awgn,0.0,8.0,1,0.0,1.0355208333333332,0.9933333333333333,9536,1616,4,4,4,4,454,false,false,4,16
red2:lane1:snr24.0:seed4:frame2,24.0,2,lite,awgn,0.0,8.0,96,0.9895833333333334,2.0251041666666665,0.9933333333333333,9536,1616,5,5,5,4,0,true,false,4,16
red2:lane1:snr24.0:seed4:frame3,24.0,3,lite,awgn,0.0,8.0,190,1.96875,3.004270833333333,0.9933333333333333,9536,1616,6,6,6,4,0,true,false,4,16
red2:lane1:snr24.0:seed4:frame4,24.0,4,lite,awgn,0.0,8.0,285,2.9583333333333335,3.993854166666667,0.9933333333333333,9536,1616,7,7,7,4,0,true,false,4,16
red2:lane1:snr24.0:seed4:frame5,24.0,5,lite,awgn,0.0,8.0,385,4.0,5.035520833333333,0.9933333333333333,9536,1616,8,8,8,4,0,true,false,4,16
red2:lane1:snr24.0:seed4:frame6,24.0,6,lite,awgn,0.0,8.0,480,4.989583333333333,6.025104166666666,0.9933333333333333,9536,1616,9,9,9,4,47,false,false,4,16
red2:lane1:snr24.0:seed4:frame7,24.0,7,lite,awgn,0.0,8.0,574,5.96875,7.004270833333333,0.9933333333333333,9536,1616,10,10,10,4,0,true,false,4,16
red2:lane1:snr24.0:seed4:frame8,24.0,8,lite,awgn,0.0,8.0,669,6.958333333333333,7.993854166666666,0.9933333333333333,9536,1616,11,11,11,4,0,true,false,4,16
red2:lane1:snr24.0:seed4:frame1,24.0,1,ofdm_fec,awgn,0.0,8.0,1,0.0,1.0355208333333332,0.9933333333333333,9536,1616,4,4,4,4,10,false,false,4,16
red2:lane1:snr24.0:seed4:frame2,24.0,2,ofdm_fec,awgn,0.0,8.0,96,0.9895833333333334,2.0251041666666665,0.9933333333333333,9536,1616,5,5,5,4,363,false,false,4,16
red2:lane1:snr24.0:seed4:frame3,24.0,3,ofdm_fec,awgn,0.0,8.0,190,1.96875,3.004270833333333,0.9933333333333333,9536,1616,6,6,6,4,0,true,false,4,16
red2:lane1:snr24.0:seed4:frame4,24.0,4,ofdm_fec,awgn,0.0,8.0,285,2.9583333333333335,3.993854166666667,0.9933333333333333,9536,1616,7,7,7,4,0,true,false,4,16
red2:lane1:snr24.0:seed4:frame5,24.0,5,ofdm_fec,awgn,0.0,8.0,385,4.0,5.035520833333333,0.9933333333333333,9536,1616,8,8,8,4,0,true,false,4,16
red2:lane1:snr24.0:seed4:frame6,24.0,6,ofdm_fec,awgn,0.0,8.0,480,4.989583333333333,6.025104166666666,0.9933333333333333,9536,1616,9,9,9,4,461,false,false,4,16
red2:lane1:snr24.0:seed4:frame7,24.0,7,ofdm_fec,awgn,0.0,8.0,574,5.96875,7.004270833333333,0.9933333333333333,9536,1616,10,10,10,4,1,false,false,4,16
red2:lane1:snr24.0:seed4:frame8,24.0,8,ofdm_fec,awgn,0.0,8.0,669,6.958333333333333,7.993854166666666,0.9933333333333333,9536,1616,11,11,11,4,0,true,false,4,16
red2:lane1:snr24.0:seed4:frame1,24.0,1,pfft,awgn,0.0,8.0,1,0.0,1.0355208333333332,0.9933333333333333,9536,1616,4,4,4,4,497,false,false,4,16
red2:lane1:snr24.0:seed4:frame2,24.0,2,pfft,awgn,0.0,8.0,96,0.9895833333333334,2.0251041666666665,0.9933333333333333,9536,1616,5,5,5,4,43,false,false,4,16
red2:lane1:snr24.0:seed4:frame3,24.0,3,pfft,awgn,0.0,8.0,190,1.96875,3.004270833333333,0.9933333333333333,9536,1616,6,6,6,4,1,false,false,4,16
red2:lane1:snr24.0:seed4:frame4,24.0,4,pfft,awgn,0.0,8.0,285,2.9583333333333335,3.993854166666667,0.9933333333333333,9536,1616,7,7,7,4,0,true,false,4,16
red2:lane1:snr24.0:seed4:frame5,24.0,5,pfft,awgn,0.0,8.0,385,4.0,5.035520833333333,0.9933333333333333,9536,1616,8,8,8,4,140,false,false,4,16
red2:lane1:snr24.0:seed4:frame6,24.0,6,pfft,awgn,0.0,8.0,480,4.989583333333333,6.025104166666666,0.9933333333333333,9536,1616,9,9,9,4,415,false,false,4,16
red2:lane1:snr24.0:seed4:frame7,24.0,7,pfft,awgn,0.0,8.0,574,5.96875,7.004270833333333,0.9933333333333333,9536,1616,10,10,10,4,1,false,false,4,16
red2:lane1:snr24.0:seed4:frame8,24.0,8,pfft,awgn,0.0,8.0,669,6.958333333333333,7.993854166666666,0.9933333333333333,9536,1616,11,11,11,4,269,false,false,4,16
red2:lane1:snr24.0:seed4:frame1,24.0,1,profiled_cz,awgn,0.0,8.0,1,0.0,1.0355208333333332,0.9933333333333333,9536,1616,4,4,4,4,10,false,false,4,16
red2:lane1:snr24.0:seed4:frame2,24.0,2,profiled_cz,awgn,0.0,8.0,96,0.9895833333333334,2.0251041666666665,0.9933333333333333,9536,1616,5,5,5,4,0,true,false,4,16
red2:lane1:snr24.0:seed4:frame3,24.0,3,profiled_cz,awgn,0.0,8.0,190,1.96875,3.004270833333333,0.9933333333333333,9536,1616,6,6,6,4,0,true,false,4,16
red2:lane1:snr24.0:seed4:frame4,24.0,4,profiled_cz,awgn,0.0,8.0,285,2.9583333333333335,3.993854166666667,0.9933333333333333,9536,1616,7,7,7,4,0,true,false,4,16
red2:lane1:snr24.0:seed4:frame5,24.0,5,profiled_cz,awgn,0.0,8.0,385,4.0,5.035520833333333,0.9933333333333333,9536,1616,8,8,8,4,0,true,false,4,16
red2:lane1:snr24.0:seed4:frame6,24.0,6,profiled_cz,awgn,0.0,8.0,480,4.989583333333333,6.025104166666666,0.9933333333333333,9536,1616,9,9,9,4,461,false,false,4,16
red2:lane1:snr24.0:seed4:frame7,24.0,7,profiled_cz,awgn,0.0,8.0,574,5.96875,7.004270833333333,0.9933333333333333,9536,1616,10,10,10,4,0,true,false,4,16
red2:lane1:snr24.0:seed4:frame8,24.0,8,profiled_cz,awgn,0.0,8.0,669,6.958333333333333,7.993854166666666,0.9933333333333333,9536,1616,11,11,11,4,0,true,false,4,16
red2:lane1:snr26.0:seed4:frame1,26.0,1,cwz_joint,awgn,0.0,8.0,1,0.0,1.0355208333333332,0.9933333333333333,9536,1616,4,4,4,4,7,false,false,4,16
red2:lane1:snr26.0:seed4:frame2,26.0,2,cwz_joint,awgn,0.0,8.0,96,0.9895833333333334,2.0251041666666665,0.9933333333333333,9536,1616,5,5,5,4,0,true,false,4,16
red2:lane1:snr26.0:seed4:frame3,26.0,3,cwz_joint,awgn,0.0,8.0,190,1.96875,3.004270833333333,0.9933333333333333,9536,1616,6,6,6,4,0,true,false,4,16
red2:lane1:snr26.0:seed4:frame4,26.0,4,cwz_joint,awgn,0.0,8.0,285,2.9583333333333335,3.993854166666667,0.9933333333333333,9536,1616,7,7,7,4,0,true,false,4,16
red2:lane1:snr26.0:seed4:frame5,26.0,5,cwz_joint,awgn,0.0,8.0,385,4.0,5.035520833333333,0.9933333333333333,9536,1616,8,8,8,4,0,true,false,4,16
red2:lane1:snr26.0:seed4:frame6,26.0,6,cwz_joint,awgn,0.0,8.0,480,4.989583333333333,6.025104166666666,0.9933333333333333,9536,1616,9,9,9,4,394,false,false,4,16
red2:lane1:snr26.0:seed4:frame7,26.0,7,cwz_joint,awgn,0.0,8.0,574,5.96875,7.004270833333333,0.9933333333333333,9536,1616,10,10,10,4,0,true,false,4,16
red2:lane1:snr26.0:seed4:frame8,26.0,8,cwz_joint,awgn,0.0,8.0,669,6.958333333333333,7.993854166666666,0.9933333333333333,9536,1616,11,11,11,4,0,true,false,4,16
red2:lane1:snr26.0:seed4:frame1,26.0,1,lite,awgn,0.0,8.0,1,0.0,1.0355208333333332,0.9933333333333333,9536,1616,4,4,4,4,423,false,false,4,16
red2:lane1:snr26.0:seed4:frame2,26.0,2,lite,awgn,0.0,8.0,96,0.9895833333333334,2.0251041666666665,0.9933333333333333,9536,1616,5,5,5,4,0,true,false,4,16
red2:lane1:snr26.0:seed4:frame3,26.0,3,lite,awgn,0.0,8.0,190,1.96875,3.004270833333333,0.9933333333333333,9536,1616,6,6,6,4,0,true,false,4,16
red2:lane1:snr26.0:seed4:frame4,26.0,4,lite,awgn,0.0,8.0,285,2.9583333333333335,3.993854166666667,0.9933333333333333,9536,1616,7,7,7,4,0,true,false,4,16
red2:lane1:snr26.0:seed4:frame5,26.0,5,lite,awgn,0.0,8.0,385,4.0,5.035520833333333,0.9933333333333333,9536,1616,8,8,8,4,0,true,false,4,16
red2:lane1:snr26.0:seed4:frame6,26.0,6,lite,awgn,0.0,8.0,480,4.989583333333333,6.025104166666666,0.9933333333333333,9536,1616,9,9,9,4,242,false,false,4,16
red2:lane1:snr26.0:seed4:frame7,26.0,7,lite,awgn,0.0,8.0,574,5.96875,7.004270833333333,0.9933333333333333,9536,1616,10,10,10,4,0,true,false,4,16
red2:lane1:snr26.0:seed4:frame8,26.0,8,lite,awgn,0.0,8.0,669,6.958333333333333,7.993854166666666,0.9933333333333333,9536,1616,11,11,11,4,0,true,false,4,16
red2:lane1:snr26.0:seed4:frame1,26.0,1,ofdm_fec,awgn,0.0,8.0,1,0.0,1.0355208333333332,0.9933333333333333,9536,1616,4,4,4,4,7,false,false,4,16
red2:lane1:snr26.0:seed4:frame2,26.0,2,ofdm_fec,awgn,0.0,8.0,96,0.9895833333333334,2.0251041666666665,0.9933333333333333,9536,1616,5,5,5,4,239,false,false,4,16
red2:lane1:snr26.0:seed4:frame3,26.0,3,ofdm_fec,awgn,0.0,8.0,190,1.96875,3.004270833333333,0.9933333333333333,9536,1616,6,6,6,4,0,true,false,4,16
red2:lane1:snr26.0:seed4:frame4,26.0,4,ofdm_fec,awgn,0.0,8.0,285,2.9583333333333335,3.993854166666667,0.9933333333333333,9536,1616,7,7,7,4,0,true,false,4,16
red2:lane1:snr26.0:seed4:frame5,26.0,5,ofdm_fec,awgn,0.0,8.0,385,4.0,5.035520833333333,0.9933333333333333,9536,1616,8,8,8,4,0,true,false,4,16
red2:lane1:snr26.0:seed4:frame6,26.0,6,ofdm_fec,awgn,0.0,8.0,480,4.989583333333333,6.025104166666666,0.9933333333333333,9536,1616,9,9,9,4,394,false,false,4,16
red2:lane1:snr26.0:seed4:frame7,26.0,7,ofdm_fec,awgn,0.0,8.0,574,5.96875,7.004270833333333,0.9933333333333333,9536,1616,10,10,10,4,1,false,false,4,16
red2:lane1:snr26.0:seed4:frame8,26.0,8,ofdm_fec,awgn,0.0,8.0,669,6.958333333333333,7.993854166666666,0.9933333333333333,9536,1616,11,11,11,4,0,true,false,4,16
red2:lane1:snr26.0:seed4:frame1,26.0,1,pfft,awgn,0.0,8.0,1,0.0,1.0355208333333332,0.9933333333333333,9536,1616,4,4,4,4,485,false,false,4,16
red2:lane1:snr26.0:seed4:frame2,26.0,2,pfft,awgn,0.0,8.0,96,0.9895833333333334,2.0251041666666665,0.9933333333333333,9536,1616,5,5,5,4,26,false,false,4,16
red2:lane1:snr26.0:seed4:frame3,26.0,3,pfft,awgn,0.0,8.0,190,1.96875,3.004270833333333,0.9933333333333333,9536,1616,6,6,6,4,1,false,false,4,16
red2:lane1:snr26.0:seed4:frame4,26.0,4,pfft,awgn,0.0,8.0,285,2.9583333333333335,3.993854166666667,0.9933333333333333,9536,1616,7,7,7,4,0,true,false,4,16
red2:lane1:snr26.0:seed4:frame5,26.0,5,pfft,awgn,0.0,8.0,385,4.0,5.035520833333333,0.9933333333333333,9536,1616,8,8,8,4,194,false,false,4,16
red2:lane1:snr26.0:seed4:frame6,26.0,6,pfft,awgn,0.0,8.0,480,4.989583333333333,6.025104166666666,0.9933333333333333,9536,1616,9,9,9,4,481,false,false,4,16
red2:lane1:snr26.0:seed4:frame7,26.0,7,pfft,awgn,0.0,8.0,574,5.96875,7.004270833333333,0.9933333333333333,9536,1616,10,10,10,4,1,false,false,4,16
red2:lane1:snr26.0:seed4:frame8,26.0,8,pfft,awgn,0.0,8.0,669,6.958333333333333,7.993854166666666,0.9933333333333333,9536,1616,11,11,11,4,322,false,false,4,16
red2:lane1:snr26.0:seed4:frame1,26.0,1,profiled_cz,awgn,0.0,8.0,1,0.0,1.0355208333333332,0.9933333333333333,9536,1616,4,4,4,4,7,false,false,4,16
red2:lane1:snr26.0:seed4:frame2,26.0,2,profiled_cz,awgn,0.0,8.0,96,0.9895833333333334,2.0251041666666665,0.9933333333333333,9536,1616,5,5,5,4,0,true,false,4,16
red2:lane1:snr26.0:seed4:frame3,26.0,3,profiled_cz,awgn,0.0,8.0,190,1.96875,3.004270833333333,0.9933333333333333,9536,1616,6,6,6,4,0,true,false,4,16
red2:lane1:snr26.0:seed4:frame4,26.0,4,profiled_cz,awgn,0.0,8.0,285,2.9583333333333335,3.993854166666667,0.9933333333333333,9536,1616,7,7,7,4,0,true,false,4,16
red2:lane1:snr26.0:seed4:frame5,26.0,5,profiled_cz,awgn,0.0,8.0,385,4.0,5.035520833333333,0.9933333333333333,9536,1616,8,8,8,4,0,true,false,4,16
red2:lane1:snr26.0:seed4:frame6,26.0,6,profiled_cz,awgn,0.0,8.0,480,4.989583333333333,6.025104166666666,0.9933333333333333,9536,1616,9,9,9,4,394,false,false,4,16
red2:lane1:snr26.0:seed4:frame7,26.0,7,profiled_cz,awgn,0.0,8.0,574,5.96875,7.004270833333333,0.9933333333333333,9536,1616,10,10,10,4,0,true,false,4,16
red2:lane1:snr26.0:seed4:frame8,26.0,8,profiled_cz,awgn,0.0,8.0,669,6.958333333333333,7.993854166666666,0.9933333333333333,9536,1616,11,11,11,4,0,true,false,4,16
red2:lane1:snr28.0:seed4:frame1,28.0,1,cwz_joint,awgn,0.0,8.0,1,0.0,1.0355208333333332,0.9933333333333333,9536,1616,4,4,4,4,4,false,false,4,16
red2:lane1:snr28.0:seed4:frame2,28.0,2,cwz_joint,awgn,0.0,8.0,96,0.9895833333333334,2.0251041666666665,0.9933333333333333,9536,1616,5,5,5,4,0,true,false,4,16
red2:lane1:snr28.0:seed4:frame3,28.0,3,cwz_joint,awgn,0.0,8.0,190,1.96875,3.004270833333333,0.9933333333333333,9536,1616,6,6,6,4,0,true,false,4,16
red2:lane1:snr28.0:seed4:frame4,28.0,4,cwz_joint,awgn,0.0,8.0,285,2.9583333333333335,3.993854166666667,0.9933333333333333,9536,1616,7,7,7,4,0,true,false,4,16
red2:lane1:snr28.0:seed4:frame5,28.0,5,cwz_joint,awgn,0.0,8.0,385,4.0,5.035520833333333,0.9933333333333333,9536,1616,8,8,8,4,0,true,false,4,16
red2:lane1:snr28.0:seed4:frame6,28.0,6,cwz_joint,awgn,0.0,8.0,480,4.989583333333333,6.025104166666666,0.9933333333333333,9536,1616,9,9,9,4,422,false,false,4,16
red2:lane1:snr28.0:seed4:frame7,28.0,7,cwz_joint,awgn,0.0,8.0,574,5.96875,7.004270833333333,0.9933333333333333,9536,1616,10,10,10,4,0,true,false,4,16
red2:lane1:snr28.0:seed4:frame8,28.0,8,cwz_joint,awgn,0.0,8.0,669,6.958333333333333,7.993854166666666,0.9933333333333333,9536,1616,11,11,11,4,0,true,false,4,16
red2:lane1:snr28.0:seed4:frame1,28.0,1,lite,awgn,0.0,8.0,1,0.0,1.0355208333333332,0.9933333333333333,9536,1616,4,4,4,4,354,false,false,4,16
red2:lane1:snr28.0:seed4:frame2,28.0,2,lite,awgn,0.0,8.0,96,0.9895833333333334,2.0251041666666665,0.9933333333333333,9536,1616,5,5,5,4,0,true,false,4,16
red2:lane1:snr28.0:seed4:frame3,28.0,3,lite,awgn,0.0,8.0,190,1.96875,3.004270833333333,0.9933333333333333,9536,1616,6,6,6,4,0,true,false,4,16
red2:lane1:snr28.0:seed4:frame4,28.0,4,lite,awgn,0.0,8.0,285,2.9583333333333335,3.993854166666667,0.9933333333333333,9536,1616,7,7,7,4,0,true,false,4,16
red2:lane1:snr28.0:seed4:frame5,28.0,5,lite,awgn,0.0,8.0,385,4.0,5.035520833333333,0.9933333333333333,9536,1616,8,8,8,4,0,true,false,4,16
red2:lane1:snr28.0:seed4:frame6,28.0,6,lite,awgn,0.0,8.0,480,4.989583333333333,6.025104166666666,0.9933333333333333,9536,1616,9,9,9,4,505,false,false,4,16
red2:lane1:snr28.0:seed4:frame7,28.0,7,lite,awgn,0.0,8.0,574,5.96875,7.004270833333333,0.9933333333333333,9536,1616,10,10,10,4,0,true,false,4,16
red2:lane1:snr28.0:seed4:frame8,28.0,8,lite,awgn,0.0,8.0,669,6.958333333333333,7.993854166666666,0.9933333333333333,9536,1616,11,11,11,4,0,true,false,4,16
red2:lane1:snr28.0:seed4:frame1,28.0,1,ofdm_fec,awgn,0.0,8.0,1,0.0,1.0355208333333332,0.9933333333333333,9536,1616,4,4,4,4,4,false,false,4,16
red2:lane1:snr28.0:seed4:frame2,28.0,2,ofdm_fec,awgn,0.0,8.0,96,0.9895833333333334,2.0251041666666665,0.9933333333333333,9536,1616,5,5,5,4,279,false,false,4,16
red2:lane1:snr28.0:seed4:frame3,28.0,3,ofdm_fec,awgn,0.0,8.0,190,1.96875,3.004270833333333,0.9933333333333333,9536,1616,6,6,6,4,0,true,false,4,16
red2:lane1:snr28.0:seed4:frame4,28.0,4,ofdm_fec,awgn,0.0,8.0,285,2.9583333333333335,3.993854166666667,0.9933333333333333,9536,1616,7,7,7,4,0,true,false,4,16
red2:lane1:snr28.0:seed4:frame5,28.0,5,ofdm_fec,awgn,0.0,8.0,385,4.0,5.035520833333333,0.9933333333333333,9536,1616,8,8,8,4,0,true,false,4,16
red2:lane1:snr28.0:seed4:frame6,28.0,6,ofdm_fec,awgn,0.0,8.0,480,4.989583333333333,6.025104166666666,0.9933333333333333,9536,1616,9,9,9,4,422,false,false,4,16
red2:lane1:snr28.0:seed4:frame7,28.0,7,ofdm_fec,awgn,0.0,8.0,574,5.96875,7.004270833333333,0.9933333333333333,9536,1616,10,10,10,4,1,false,false,4,16
red2:lane1:snr28.0:seed4:frame8,28.0,8,ofdm_fec,awgn,0.0,8.0,669,6.958333333333333,7.993854166666666,0.9933333333333333,9536,1616,11,11,11,4,0,true,false,4,16
red2:lane1:snr28.0:seed4:frame1,28.0,1,pfft,awgn,0.0,8.0,1,0.0,1.0355208333333332,0.9933333333333333,9536,1616,4,4,4,4,479,false,false,4,16
red2:lane1:snr28.0:seed4:frame2,28.0,2,pfft,awgn,0.0,8.0,96,0.9895833333333334,2.0251041666666665,0.9933333333333333,9536,1616,5,5,5,4,12,false,false,4,16
red2:lane1:snr28.0:seed4:frame3,28.0,3,pfft,awgn,0.0,8.0,190,1.96875,3.004270833333333,0.9933333333333333,9536,1616,6,6,6,4,1,false,false,4,16
red2:lane1:snr28.0:seed4:frame4,28.0,4,pfft,awgn,0.0,8.0,285,2.9583333333333335,3.993854166666667,0.9933333333333333,9536,1616,7,7,7,4,0,true,false,4,16
red2:lane1:snr28.0:seed4:frame5,28.0,5,pfft,awgn,0.0,8.0,385,4.0,5.035520833333333,0.9933333333333333,9536,1616,8,8,8,4,68,false,false,4,16
red2:lane1:snr28.0:seed4:frame6,28.0,6,pfft,awgn,0.0,8.0,480,4.989583333333333,6.025104166666666,0.9933333333333333,9536,1616,9,9,9,4,505,false,false,4,16
red2:lane1:snr28.0:seed4:frame7,28.0,7,pfft,awgn,0.0,8.0,574,5.96875,7.004270833333333,0.9933333333333333,9536,1616,10,10,10,4,1,false,false,4,16
red2:lane1:snr28.0:seed4:frame8,28.0,8,pfft,awgn,0.0,8.0,669,6.958333333333333,7.993854166666666,0.9933333333333333,9536,1616,11,11,11,4,185,false,false,4,16
red2:lane1:snr28.0:seed4:frame1,28.0,1,profiled_cz,awgn,0.0,8.0,1,0.0,1.0355208333333332,0.9933333333333333,9536,1616,4,4,4,4,4,false,false,4,16
red2:lane1:snr28.0:seed4:frame2,28.0,2,profiled_cz,awgn,0.0,8.0,96,0.9895833333333334,2.0251041666666665,0.9933333333333333,9536,1616,5,5,5,4,0,true,false,4,16
red2:lane1:snr28.0:seed4:frame3,28.0,3,profiled_cz,awgn,0.0,8.0,190,1.96875,3.004270833333333,0.9933333333333333,9536,1616,6,6,6,4,0,true,false,4,16
red2:lane1:snr28.0:seed4:frame4,28.0,4,profiled_cz,awgn,0.0,8.0,285,2.9583333333333335,3.993854166666667,0.9933333333333333,9536,1616,7,7,7,4,0,true,false,4,16
red2:lane1:snr28.0:seed4:frame5,28.0,5,profiled_cz,awgn,0.0,8.0,385,4.0,5.035520833333333,0.9933333333333333,9536,1616,8,8,8,4,0,true,false,4,16
red2:lane1:snr28.0:seed4:frame6,28.0,6,profiled_cz,awgn,0.0,8.0,480,4.989583333333333,6.025104166666666,0.9933333333333333,9536,1616,9,9,9,4,422,false,false,4,16
red2:lane1:snr28.0:seed4:frame7,28.0,7,profiled_cz,awgn,0.0,8.0,574,5.96875,7.004270833333333,0.9933333333333333,9536,1616,10,10,10,4,0,true,false,4,16
red2:lane1:snr28.0:seed4:frame8,28.0,8,profiled_cz,awgn,0.0,8.0,669,6.958333333333333,7.993854166666666,0.9933333333333333,9536,1616,11,11,11,4,0,true,false,4,16
red2:lane1:snr30.0:seed4:frame1,30.0,1,cwz_joint,awgn,0.0,8.0,1,0.0,1.0355208333333332,0.9933333333333333,9536,1616,4,4,4,4,4,false,false,4,16
red2:lane1:snr30.0:seed4:frame2,30.0,2,cwz_joint,awgn,0.0,8.0,96,0.9895833333333334,2.0251041666666665,0.9933333333333333,9536,1616,5,5,5,4,0,true,false,4,16
red2:lane1:snr30.0:seed4:frame3,30.0,3,cwz_joint,awgn,0.0,8.0,190,1.96875,3.004270833333333,0.9933333333333333,9536,1616,6,6,6,4,0,true,false,4,16
red2:lane1:snr30.0:seed4:frame4,30.0,4,cwz_joint,awgn,0.0,8.0,285,2.9583333333333335,3.993854166666667,0.9933333333333333,9536,1616,7,7,7,4,0,true,false,4,16
red2:lane1:snr30.0:seed4:frame5,30.0,5,cwz_joint,awgn,0.0,8.0,385,4.0,5.035520833333333,0.9933333333333333,9536,1616,8,8,8,4,0,true,false,4,16
red2:lane1:snr30.0:seed4:frame6,30.0,6,cwz_joint,awgn,0.0,8.0,480,4.989583333333333,6.025104166666666,0.9933333333333333,9536,1616,9,9,9,4,441,false,false,4,16
red2:lane1:snr30.0:seed4:frame7,30.0,7,cwz_joint,awgn,0.0,8.0,574,5.96875,7.004270833333333,0.9933333333333333,9536,1616,10,10,10,4,0,true,false,4,16
red2:lane1:snr30.0:seed4:frame8,30.0,8,cwz_joint,awgn,0.0,8.0,669,6.958333333333333,7.993854166666666,0.9933333333333333,9536,1616,11,11,11,4,0,true,false,4,16
red2:lane1:snr30.0:seed4:frame1,30.0,1,lite,awgn,0.0,8.0,1,0.0,1.0355208333333332,0.9933333333333333,9536,1616,4,4,4,4,353,false,false,4,16
red2:lane1:snr30.0:seed4:frame2,30.0,2,lite,awgn,0.0,8.0,96,0.9895833333333334,2.0251041666666665,0.9933333333333333,9536,1616,5,5,5,4,0,true,false,4,16
red2:lane1:snr30.0:seed4:frame3,30.0,3,lite,awgn,0.0,8.0,190,1.96875,3.004270833333333,0.9933333333333333,9536,1616,6,6,6,4,0,true,false,4,16
red2:lane1:snr30.0:seed4:frame4,30.0,4,lite,awgn,0.0,8.0,285,2.9583333333333335,3.993854166666667,0.9933333333333333,9536,1616,7,7,7,4,0,true,false,4,16
red2:lane1:snr30.0:seed4:frame5,30.0,5,lite,awgn,0.0,8.0,385,4.0,5.035520833333333,0.9933333333333333,9536,1616,8,8,8,4,0,true,false,4,16
red2:lane1:snr30.0:seed4:frame6,30.0,6,lite,awgn,0.0,8.0,480,4.989583333333333,6.025104166666666,0.9933333333333333,9536,1616,9,9,9,4,297,false,false,4,16
red2:lane1:snr30.0:seed4:frame7,30.0,7,lite,awgn,0.0,8.0,574,5.96875,7.004270833333333,0.9933333333333333,9536,1616,10,10,10,4,0,true,false,4,16
red2:lane1:snr30.0:seed4:frame8,30.0,8,lite,awgn,0.0,8.0,669,6.958333333333333,7.993854166666666,0.9933333333333333,9536,1616,11,11,11,4,0,true,false,4,16
red2:lane1:snr30.0:seed4:frame1,30.0,1,ofdm_fec,awgn,0.0,8.0,1,0.0,1.0355208333333332,0.9933333333333333,9536,1616,4,4,4,4,4,false,false,4,16
red2:lane1:snr30.0:seed4:frame2,30.0,2,ofdm_fec,awgn,0.0,8.0,96,0.9895833333333334,2.0251041666666665,0.9933333333333333,9536,1616,5,5,5,4,276,false,false,4,16
red2:lane1:snr30.0:seed4:frame3,30.0,3,ofdm_fec,awgn,0.0,8.0,190,1.96875,3.004270833333333,0.9933333333333333,9536,1616,6,6,6,4,0,true,false,4,16
red2:lane1:snr30.0:seed4:frame4,30.0,4,ofdm_fec,awgn,0.0,8.0,285,2.9583333333333335,3.993854166666667,0.9933333333333333,9536,1616,7,7,7,4,0,true,false,4,16
red2:lane1:snr30.0:seed4:frame5,30.0,5,ofdm_fec,awgn,0.0,8.0,385,4.0,5.035520833333333,0.9933333333333333,9536,1616,8,8,8,4,0,true,false,4,16
red2:lane1:snr30.0:seed4:frame6,30.0,6,ofdm_fec,awgn,0.0,8.0,480,4.989583333333333,6.025104166666666,0.9933333333333333,9536,1616,9,9,9,4,441,false,false,4,16
red2:lane1:snr30.0:seed4:frame7,30.0,7,ofdm_fec,awgn,0.0,8.0,574,5.96875,7.004270833333333,0.9933333333333333,9536,1616,10,10,10,4,1,false,false,4,16
red2:lane1:snr30.0:seed4:frame8,30.0,8,ofdm_fec,awgn,0.0,8.0,669,6.958333333333333,7.993854166666666,0.9933333333333333,9536,1616,11,11,11,4,0,true,false,4,16
red2:lane1:snr30.0:seed4:frame1,30.0,1,pfft,awgn,0.0,8.0,1,0.0,1.0355208333333332,0.9933333333333333,9536,1616,4,4,4,4,506,false,false,4,16
red2:lane1:snr30.0:seed4:frame2,30.0,2,pfft,awgn,0.0,8.0,96,0.9895833333333334,2.0251041666666665,0.9933333333333333,9536,1616,5,5,5,4,17,false,false,4,16
red2:lane1:snr30.0:seed4:frame3,30.0,3,pfft,awgn,0.0,8.0,190,1.96875,3.004270833333333,0.9933333333333333,9536,1616,6,6,6,4,2,false,false,4,16
red2:lane1:snr30.0:seed4:frame4,30.0,4,pfft,awgn,0.0,8.0,285,2.9583333333333335,3.993854166666667,0.9933333333333333,9536,1616,7,7,7,4,0,true,false,4,16
red2:lane1:snr30.0:seed4:frame5,30.0,5,pfft,awgn,0.0,8.0,385,4.0,5.035520833333333,0.9933333333333333,9536,1616,8,8,8,4,24,false,false,4,16
red2:lane1:snr30.0:seed4:frame6,30.0,6,pfft,awgn,0.0,8.0,480,4.989583333333333,6.025104166666666,0.9933333333333333,9536,1616,9,9,9,4,486,false,false,4,16
red2:lane1:snr30.0:seed4:frame7,30.0,7,pfft,awgn,0.0,8.0,574,5.96875,7.004270833333333,0.9933333333333333,9536,1616,10,10,10,4,1,false,false,4,16
red2:lane1:snr30.0:seed4:frame8,30.0,8,pfft,awgn,0.0,8.0,669,6.958333333333333,7.993854166666666,0.9933333333333333,9536,1616,11,11,11,4,169,false,false,4,16
red2:lane1:snr30.0:seed4:frame1,30.0,1,profiled_cz,awgn,0.0,8.0,1,0.0,1.0355208333333332,0.9933333333333333,9536,1616,4,4,4,4,4,false,false,4,16
red2:lane1:snr30.0:seed4:frame2,30.0,2,profiled_cz,awgn,0.0,8.0,96,0.9895833333333334,2.0251041666666665,0.9933333333333333,9536,1616,5,5,5,4,0,true,false,4,16
red2:lane1:snr30.0:seed4:frame3,30.0,3,profiled_cz,awgn,0.0,8.0,190,1.96875,3.004270833333333,0.9933333333333333,9536,1616,6,6,6,4,0,true,false,4,16
red2:lane1:snr30.0:seed4:frame4,30.0,4,profiled_cz,awgn,0.0,8.0,285,2.9583333333333335,3.993854166666667,0.9933333333333333,9536,1616,7,7,7,4,0,true,false,4,16
red2:lane1:snr30.0:seed4:frame5,30.0,5,profiled_cz,awgn,0.0,8.0,385,4.0,5.035520833333333,0.9933333333333333,9536,1616,8,8,8,4,0,true,false,4,16
red2:lane1:snr30.0:seed4:frame6,30.0,6,profiled_cz,awgn,0.0,8.0,480,4.989583333333333,6.025104166666666,0.9933333333333333,9536,1616,9,9,9,4,441,false,false,4,16
red2:lane1:snr30.0:seed4:frame7,30.0,7,profiled_cz,awgn,0.0,8.0,574,5.96875,7.004270833333333,0.9933333333333333,9536,1616,10,10,10,4,0,true,false,4,16
red2:lane1:snr30.0:seed4:frame8,30.0,8,profiled_cz,awgn,0.0,8.0,669,6.958333333333333,7.993854166666666,0.9933333333333333,9536,1616,11,11,11,4,0,true,false,4,16
